package,common,same_func_diff_content,unique_fedora,unique_other,has_patch,patch_count
openscad,4,1,1,12,1,18
gocr,0,0,1,3,1,4
python-caja,0,0,1,3,1,4
golang-github-nytimes-gziphandler,0,0,0,0,0,0
lcdproc,0,0,2,6,1,8
backuppc,0,0,1,10,1,11
tetgen,0,0,1,2,1,3
jsch,0,0,0,1,1,1
thc-ipv6,0,0,0,2,1,2
python-dbfread,0,0,0,1,1,1
python-xstatic-jquery-migrate,0,0,0,0,0,0
qstat,0,0,0,3,1,3
opendkim,1,0,3,14,1,18
pamixer,0,0,0,0,0,0
python-oauthlib,0,0,0,0,0,0
arj,10,0,3,13,1,26
cohomcalg,0,0,0,3,1,3
ocamlify,0,0,2,2,1,4
compizconfig-python,0,0,0,0,0,0
gupnp-av,0,0,0,0,0,0
python-q,0,0,1,0,1,1
marisa,0,0,0,4,1,4
vlc,0,0,9,2,1,11
cowsql,0,0,0,0,0,0
qm-dsp,0,0,2,1,1,3
docbook2x,0,0,0,6,1,6
splint,0,0,0,20,1,20
epix,0,0,0,0,0,0
lib3ds,0,0,3,1,1,4
rust-difflib,0,0,1,0,1,1
mftrace,0,0,3,3,1,6
chromium-bsu,0,0,0,0,0,0
python-text-unidecode,0,0,0,0,0,0
rust-locale,0,0,1,0,1,1
fcitx-skk,0,0,0,0,0,0
python-xmltodict,0,0,0,0,0,0
globus-xio,0,0,0,0,0,0
wordnet,2,1,7,16,1,26
gpm,0,0,6,21,1,27
xautomation,0,0,0,3,1,3
bogl,2,1,6,31,1,40
oddjob,0,0,2,1,1,3
udftools,0,0,1,0,1,1
djvulibre,6,0,3,1,1,10
stormbaancoureur,0,0,4,2,1,6
pyjokes,0,0,0,2,1,2
golang-github-rfjakob-eme,0,0,0,0,0,0
joe,0,0,7,4,1,11
sbd,0,0,3,2,1,5
jo,0,0,0,0,0,0
octave-io,0,0,0,3,1,3
jssc,0,0,2,2,1,4
libvisio,0,0,0,0,0,0
globus-gass-transfer,0,0,0,0,0,0
arachne-pnr,0,0,0,4,1,4
deepin-image-viewer,0,0,1,2,1,3
devio,0,0,1,0,1,1
httpcomponents-core,0,0,2,1,1,3
ucl,0,0,0,8,1,8
golang-github-powerman-deepequal,0,0,0,0,0,0
rkdeveloptool,0,0,1,1,1,2
radvd,0,0,0,4,1,4
python-astor,0,0,0,1,1,1
zxcvbn-c,0,0,0,2,1,2
cryfs,0,0,2,2,1,4
openvpn-auth-ldap,1,1,0,1,1,3
pax-utils,0,0,1,1,1,2
python-logutils,0,0,1,3,1,4
python-path-and-address,0,0,2,0,1,2
golang-github-tidwall-sjson,0,0,0,0,0,0
libabw,0,0,0,0,0,0
libepubgen,0,0,0,0,0,0
golang-github-cosiner-argv,0,0,0,0,0,0
python-django-gravatar2,0,0,0,1,1,1
golang-github-d2g-dhcp4client,0,0,0,0,0,0
zip,3,0,5,8,1,16
rust-filedescriptor,0,0,1,1,1,2
rust-pin-utils,0,0,0,0,0,0
rsakeyfind,0,0,2,2,1,4
fstrcmp,0,0,0,0,0,0
libdvbpsi,0,0,0,1,1,1
python-iniparse,1,0,1,2,1,4
ruby-bsearch,0,0,0,0,0,0
zeitgeist,1,0,0,4,1,5
python-iniconfig,0,0,0,0,0,0
golang-github-google-gofuzz,1,0,0,0,1,1
dvd+rw-tools,4,0,8,9,1,21
python-oauth2client,0,0,3,6,1,9
cutecom,1,0,2,1,1,4
golang-github-alecthomas-chroma,0,0,0,0,0,0
rust-getopts,0,0,0,2,1,2
since,0,0,0,5,1,5
xosview,0,0,1,0,1,1
gnugo,0,0,1,3,1,4
lingot,0,0,0,0,0,0
gbrainy,0,0,1,0,1,1
golang-github-minio-highwayhash,0,0,0,1,1,1
tcptrack,0,0,0,1,1,1
sndfile-tools,0,0,4,0,1,4
rust-executable-path,0,0,0,0,0,0
zathura-ps,0,0,0,0,0,0
lua-event,0,0,2,0,1,2
xvkbd,0,0,0,3,1,3
tayga,1,0,2,10,1,13
luminance-hdr,0,0,8,5,1,13
quadrapassel,0,0,0,0,0,0
duktape,0,0,1,2,1,3
abi-tracker,0,0,0,0,0,0
python-typepy,0,0,0,0,0,0
liboggz,0,0,1,2,1,3
pamtester,0,0,1,2,1,3
liquidwar,0,1,0,6,1,7
icon-naming-utils,0,0,1,6,1,7
woff2,0,0,1,2,1,3
mmc-utils,0,0,1,2,1,3
neartree,0,0,2,1,1,3
dataquay,0,0,0,4,1,4
multicat,0,0,0,0,0,0
python-xstatic-bootswatch,0,0,0,1,1,1
git-filter-repo,0,0,1,1,1,2
rust-rusty-fork,0,0,0,1,1,1
cmake-fedora,0,0,0,0,0,0
frescobaldi,0,0,1,0,1,1
deepin-sound-theme,0,0,0,0,0,0
plib,5,0,3,4,1,12
sound-theme-freedesktop,0,0,0,0,0,0
ck,0,0,4,3,1,7
codeblocks,0,0,2,3,1,5
wbox,0,0,0,2,1,2
nomarch,0,0,0,0,0,0
libecpint,0,0,0,1,1,1
rust-lab,0,0,1,0,1,1
pngnq,0,0,3,5,1,8
chkrootkit,1,0,5,83,1,89
vobcopy,0,0,1,1,1,2
rust-ufmt-write,0,0,0,0,0,0
tagsoup,0,0,2,2,1,4
golang-github-elazarl-goproxy,0,0,0,2,1,2
gpick,0,0,0,0,0,0
calligraplan,0,0,0,0,0,0
symmetrica,0,0,4,0,1,4
ocaml-logs,0,0,3,0,1,3
gtk-vnc,0,0,0,0,0,0
ahcpd,0,0,0,2,1,2
rust-num-rational,0,0,0,1,1,1
libyaml,0,0,0,0,0,0
gnome-shell-extension-gamemode,0,0,0,0,0,0
golang-github-kr-binarydist,0,0,0,0,0,0
lxinput,0,0,0,0,0,0
atlas,1,0,15,10,1,26
jcal,0,0,0,3,1,3
capstats,0,0,1,0,1,1
xclip,0,0,1,7,1,8
aspell-hi,0,0,0,0,0,0
guilt,1,0,3,9,1,13
python-nudatus,0,0,0,0,0,0
libuinputplus,0,0,1,0,1,1
eterm,1,0,4,7,1,12
rust-humantime,0,0,0,0,0,0
ecdsautils,0,0,0,1,1,1
swayidle,0,0,0,1,1,1
range-v3,0,0,0,1,1,1
uhubctl,0,0,0,1,1,1
fuse-emulator-utils,0,0,0,1,1,1
dumpet,0,0,1,2,1,3
ifuse,0,0,0,0,0,0
golang-github-gorilla-css,0,0,0,0,0,0
golang-github-gorilla-securecookie,0,0,0,0,0,0
libmusicbrainz5,0,0,3,2,1,5
httpcomponents-client,0,0,3,4,1,7
rust-libudev-sys,0,0,0,0,0,0
cdlabelgen,0,0,0,1,1,1
distribution-gpg-keys,0,0,0,0,0,0
python-cymruwhois,0,0,0,2,1,2
golang-github-agnivade-levenshtein,0,0,1,1,1,2
python-xstatic-filesaver,0,0,0,0,0,0
blobwars,0,0,2,3,1,5
opusfile,1,0,0,0,1,1
rust-zbase32,0,0,0,0,0,0
globus-gridmap-eppn-callout,0,0,0,0,0,0
steghide,0,1,5,6,1,12
sword,0,0,2,6,1,8
rust-error-chain,0,0,0,0,0,0
rust-temptree,0,0,0,0,0,0
libgnomecanvas,0,0,0,5,1,5
python-anyjson,2,0,2,1,1,5
libotr,1,0,1,3,1,5
libxdg-basedir,1,0,3,0,1,4
id3v2,0,0,0,7,1,7
metapixel,1,0,3,3,1,7
golang-github-knetic-govaluate,0,0,0,1,1,1
infinipath-psm,0,0,8,4,1,12
libhbaapi,0,0,2,0,1,2
python-kdcproxy,0,0,1,0,1,1
sparsehash,0,0,0,1,1,1
tcpreen,0,0,0,1,1,1
maloc,0,0,1,2,1,3
purple-mm-sms,0,0,1,1,1,2
rust-doc-comment,0,0,0,0,0,0
acpi,0,0,0,0,0,0
ssss,0,0,0,4,1,4
kst,0,1,3,8,1,12
python-systemd,0,0,0,0,0,0
seahorse-nautilus,0,0,1,2,1,3
gnome-packagekit,0,0,0,1,1,1
rust-minimal-lexical,0,0,0,0,0,0
6tunnel,0,0,1,0,1,1
libcli,0,0,1,1,1,2
python-graphviz,0,0,0,0,0,0
python-respx,0,0,0,2,1,2
taglib-sharp,0,0,0,2,1,2
grhino,1,0,0,1,1,2
python-adal,0,0,1,1,1,2
python-xstatic-roboto-fontface,0,0,0,1,1,1
python-parsel,0,0,0,1,1,1
python-xstatic-json2yaml,0,0,0,0,0,0
sl,0,0,0,2,1,2
disruptor,0,0,0,0,0,0
rust-bencher,0,0,0,0,0,0
vim-pathogen,0,0,0,0,0,0
python-pkgconfig,0,0,0,0,0,0
toilet,0,0,0,2,1,2
swing-layout,0,0,2,0,1,2
taskd,0,0,0,6,1,6
golang-github-blang-semver,0,0,0,0,0,0
ypserv,0,0,12,1,1,13
cctz,0,0,0,3,1,3
syncevolution,0,0,4,2,1,6
bodr,0,0,0,0,0,0
foremost,0,0,4,9,1,13
emacs-python-environment,0,0,0,2,1,2
judy,1,0,2,3,1,6
krename,0,0,0,0,0,0
python-bottle-sqlite,0,0,0,0,0,0
docbook-utils,0,0,9,8,1,17
golang-github-hexops-gotextdiff,0,0,0,0,0,0
libmms,0,0,8,1,1,9
kexi,2,0,6,0,1,8
python-geoip,0,0,0,1,1,1
abcde,0,0,1,0,1,1
cdw,1,0,0,1,1,2
switcheroo-control,0,0,0,0,0,0
ocaml-astring,0,0,1,0,1,1
shc,0,0,0,1,1,1
golang-github-gorilla-handlers,0,0,0,1,1,1
libinstpatch,0,0,1,0,1,1
writerperfect,0,0,2,0,1,2
libptytty,0,0,1,0,1,1
python-h11,0,0,0,0,0,0
golang-github-bep-goat,0,0,0,0,0,0
golang-github-containernetworking-plugins,0,0,0,2,1,2
librist,0,0,1,1,1,2
catatonit,0,0,0,1,1,1
python-aiohttp-oauthlib,0,0,0,0,0,0
zile,0,0,0,3,1,3
clusterssh,0,0,0,5,1,5
smbldap-tools,0,0,2,2,1,4
nyancat,0,0,2,1,1,3
fcitx-hangul,0,0,0,0,0,0
libkkc-data,0,0,0,1,1,1
libsmbios,0,0,0,0,0,0
arc-kde,0,0,1,4,1,5
ocaml-curses,0,0,0,0,0,0
moon-buggy,0,0,2,2,1,4
drawing,0,0,0,0,0,0
flex,0,0,1,0,1,1
springlobby,0,0,0,0,0,0
globus-callout,0,0,0,0,0,0
php-masterminds-html5,0,0,0,3,1,3
libsmi,0,0,10,6,1,16
jumpnbump,0,0,1,7,1,8
pdsh,0,0,0,1,1,1
serialdv,0,0,0,1,1,1
antiword,3,0,1,2,1,6
fusioninventory-agent,0,0,0,2,1,2
libwebcam,0,0,0,1,1,1
dcm2niix,0,0,1,1,1,2
rust-thousands,0,0,0,0,0,0
python-untangle,0,0,0,1,1,1
wordgrinder,0,0,0,2,1,2
libfakekey,0,0,0,1,1,1
rtmidi,0,0,0,1,1,1
golang-github-seandolphin-bqschema,0,0,0,0,0,0
libx86emu,0,0,0,1,1,1
python-click-repl,0,0,0,0,0,0
php-fig-http-message-util,0,0,0,0,0,0
libexif,0,0,0,0,0,0
golang-github-opencontainers-runtime-tools,0,0,0,0,0,0
quassel,0,0,0,2,1,2
liblockfile,0,0,0,0,0,0
yp-tools,0,0,6,3,1,9
bitlbee-facebook,0,0,0,0,0,0
python-dirq,0,0,1,1,1,2
john,0,0,0,5,1,5
libclaw,1,0,4,4,1,9
python-datrie,1,0,1,1,1,3
libuninum,0,0,2,2,1,4
rust-sequoia-openpgp-mt,0,0,1,2,1,3
python-fs,0,0,1,0,1,1
ocaml-result,0,0,0,0,0,0
openzwave,0,0,0,3,1,3
golang-github-lunixbochs-vtclean,0,0,0,0,0,0
rust-expat-sys,0,0,0,1,1,1
cpmtools,0,0,2,1,1,3
libusbauth-configparser,0,0,0,0,0,0
asylum,0,0,1,5,1,6
convmv,0,0,1,1,1,2
erlang-lager,0,0,7,1,1,8
gliv,0,0,1,2,1,3
golang-github-shopspring-decimal,0,0,0,0,0,0
python-roundrobin,0,0,0,0,0,0
globus-gram-job-manager-pbs,0,0,0,0,0,0
libsignal-protocol-c,1,0,0,1,1,2
ssdeep,0,0,0,0,0,0
gperf,0,0,0,1,1,1
unifdef,0,0,0,0,0,0
ucarp,0,0,1,2,1,3
cpp-hocon,0,0,0,1,1,1
aircrack-ng,0,0,0,1,1,1
vagrant-sshfs,0,0,0,1,1,1
python-csscompressor,0,0,0,0,0,0
xmakemol,3,0,4,0,1,7
anyremote,0,0,0,1,1,1
bgpq3,0,0,1,2,1,3
evtest,0,0,0,0,0,0
vim-airline,0,0,0,0,0,0
erlang-base64url,0,0,0,0,0,0
mussh,0,0,0,1,1,1
meterbridge,0,0,1,6,1,7
hevea,0,0,0,1,1,1
tworld,0,0,0,3,1,3
thunar-volman,0,0,0,0,0,0
bitstream,0,0,0,0,0,0
ncrack,0,0,1,3,1,4
usbredir,0,0,0,0,0,0
sailcut,1,0,0,0,1,1
usermode,0,0,0,1,1,1
golang-github-djherbis-atime,0,0,0,0,0,0
globus-xio-gridftp-driver,0,0,0,0,0,0
rsnapshot,0,0,0,5,1,5
git2cl,0,0,0,0,0,0
soundmodem,0,0,5,8,1,13
pyee,0,0,1,0,1,1
simple-ccsm,0,0,0,0,0,0
python-extras,0,0,0,0,0,0
ri-li,1,0,3,4,1,8
tcputils,0,0,1,5,1,6
flpsed,0,0,0,4,1,4
gnome-robots,0,0,0,0,0,0
otf2bdf,0,0,1,3,1,4
php-league-flysystem,0,0,0,1,1,1
ocamlmod,0,1,2,0,1,3
rust-matchers,0,0,0,0,0,0
python-jmespath,0,0,0,0,0,0
xdg-user-dirs,0,0,0,0,0,0
libgdiplus,0,0,0,0,0,0
python-murano-pkg-check,0,0,3,2,1,5
xdms,1,0,0,1,1,2
icedtea-web,1,0,2,7,1,10
gnome-browser-connector,0,0,0,0,0,0
rmtfs,0,0,0,0,0,0
pal,0,0,1,11,1,12
liberasurecode,0,0,2,0,1,2
python-gammu,0,0,0,0,0,0
rust-hash32,0,0,0,0,0,0
kcc,0,0,5,7,1,12
fcitx5-table-extra,0,0,1,0,1,1
lxhotkey,0,0,0,0,0,0
raptor2,2,0,3,2,1,7
qqwing,0,0,0,0,0,0
compiz-plugins-extra,0,0,1,1,1,2
rust-aliasable,0,0,0,1,1,1
gcolor3,0,0,1,1,1,2
robotfindskitten,0,0,1,0,1,1
soapysdr,0,0,0,2,1,2
libbs2b,1,0,0,1,1,2
thunar-vcs-plugin,0,0,0,0,0,0
bmon,0,0,1,2,1,3
aha,0,0,1,0,1,1
tcpflow,0,0,2,2,1,4
libopusenc,0,0,0,1,1,1
aeskeyfind,4,0,0,0,1,4
topcom,0,0,2,4,1,6
radeontool,0,0,0,0,0,0
t-prot,0,0,0,0,0,0
wob,0,0,0,0,0,0
hunspell-ml,0,0,0,0,0,0
phasex,0,0,2,5,1,7
grace,0,0,4,14,1,18
python-qpageview,0,0,0,0,0,0
libreoffice-texmaths,0,0,0,0,0,0
firewalk,0,0,2,5,1,7
zathura-cb,0,0,0,0,0,0
mosh,0,0,0,0,0,0
pavumeter,0,0,0,2,1,2
libsigsegv,0,0,1,0,1,1
glew,0,0,2,1,1,3
python-jsmin,0,0,1,0,1,1
jmtpfs,0,0,0,0,0,0
python-xstatic-angular-fileupload,0,0,0,0,0,0
urlview,0,0,1,5,1,6
lzop,0,0,0,0,0,0
mcpp,0,0,4,6,1,10
pbzip2,0,0,1,2,1,3
python-etcd3,0,0,0,1,1,1
rust-users,0,0,0,1,1,1
wtype,0,0,0,0,0,0
rust-natord,0,0,0,0,0,0
mtr,0,0,0,1,1,1
lxlauncher,0,0,0,1,1,1
shntool,3,0,1,0,1,4
aiksaurus,0,0,3,2,1,5
libchipcard,0,0,0,0,0,0
gnome-chemistry-utils,4,2,1,0,1,7
erlang-goldrush,0,0,0,0,0,0
xtrlock,0,0,2,0,1,2
hercules,0,0,2,6,1,8
fcitx-cloudpinyin,0,0,0,0,0,0
guichan,0,0,1,5,1,6
lastpass-cli,0,0,1,1,1,2
libvirt-dbus,0,0,0,0,0,0
ghemical,2,0,0,3,1,5
dvtm,0,0,1,7,1,8
rust-lmdb-sys,0,0,1,1,1,2
e3,0,0,1,3,1,4
zynaddsubfx,0,0,3,4,1,7
gummi,0,0,0,2,1,2
cksfv,0,0,0,2,1,2
bcg729,0,0,1,0,1,1
rust-prometheus,0,0,1,1,1,2
cln,0,0,0,0,0,0
zopfli,0,0,0,1,1,1
uisp,0,0,3,6,1,9
libmongo-client,0,0,0,2,1,2
cbonsai,0,0,0,1,1,1
frogr,0,0,0,0,0,0
efax,0,0,13,12,1,25
kshutdown,0,0,0,1,1,1
givaro,0,0,1,2,1,3
maliit-framework,0,0,0,3,1,3
python-i3ipc,0,0,1,1,1,2
libdmtx,0,0,0,1,1,1
golang-github-joho-godotenv,0,0,0,0,0,0
rust-adler32,0,0,2,1,1,3
mikmod,0,0,0,1,1,1
php-guzzlehttp-promises,0,0,0,2,1,2
python-prov,0,0,0,3,1,3
cmatrix,0,0,1,2,1,3
gemdropx,0,0,0,7,1,7
python-itsdangerous,0,0,0,1,1,1
sharutils,1,0,4,3,1,8
python-hglib,0,0,1,0,1,1
ktikz,0,0,1,0,1,1
cubicsdr,0,0,1,4,1,5
python-coloredlogs,0,0,0,0,0,0
nrg2iso,0,1,0,1,1,2
nbtscan,0,0,0,0,0,0
tikzit,0,0,0,1,1,1
freealut,0,0,2,4,1,6
golang-github-jdkato-prose,0,0,0,0,0,0
netsniff-ng,0,0,0,0,0,0
dsfmt,0,0,3,5,1,8
tmispell-voikko,1,0,1,2,1,4
fpart,0,0,0,0,0,0
ecryptfs-utils,0,1,20,1,1,22
ocaml-mew,0,0,1,0,1,1
japa,0,0,0,1,1,1
python-pathtools,0,0,1,0,1,1
sipsak,0,0,0,0,0,0
flobopuyo,2,0,3,6,1,11
libconfuse,0,0,1,2,1,3
bombardier,0,0,3,0,1,3
eiciel,0,0,0,0,0,0
netsed,0,0,0,2,1,2
spice,0,0,0,3,1,3
z80asm,0,0,1,0,1,1
zita-at1,0,0,0,2,1,2
icoutils,0,0,1,1,1,2
xsettingsd,0,0,0,0,0,0
libmygpo-qt,0,0,0,2,1,2
golang-github-hashicorp-hcl,0,0,0,0,0,0
jgmenu,0,0,0,0,0,0
python-ebooklib,0,0,0,0,0,0
basez,0,0,1,3,1,4
peek,0,0,1,0,1,1
bless,0,0,2,1,1,3
autossh,0,0,1,3,1,4
php-doctrine-event-manager,0,0,0,0,0,0
python-progress,0,0,1,0,1,1
imvirt,0,0,0,3,1,3
rust-compare,0,0,0,0,0,0
rust-psl-types,0,0,0,0,0,0
glob2,1,1,8,10,1,20
par,0,0,0,4,1,4
udt,0,0,0,2,1,2
golang-github-marten-seemann-qpack,0,0,0,1,1,1
python-crcmod,0,0,0,0,0,0
lutok,0,0,0,1,1,1
rust-maplit,0,0,1,0,1,1
python-construct-classes,0,0,0,0,0,0
golang-github-opencontainers-image-spec,0,0,1,0,1,1
gnusim8085,0,0,0,0,0,0
golang-github-jackc-pgpassfile,0,0,0,0,0,0
gnome-dictionary,0,0,1,2,1,3
libogg,0,0,0,0,0,0
cpp-jwt,0,0,2,3,1,5
gnome-common,0,0,0,0,0,0
golang-github-adrg-xdg,0,0,0,0,0,0
httpry,0,0,0,2,1,2
glade,0,0,0,1,1,1
fcitx-table-other,0,0,0,0,0,0
python-ofxparse,0,0,0,0,0,0
octave-interval,0,0,0,6,1,6
librcd,0,0,0,0,0,0
libpst,0,0,2,3,1,5
rust-streaming-stats,0,0,0,0,0,0
gr-rds,0,0,0,0,0,0
xosd,2,0,0,4,1,6
librevenge,0,0,0,0,0,0
nuget,1,0,0,1,1,2
fatresize,0,0,1,1,1,2
bam,0,0,0,5,1,5
quantlib,0,0,0,0,0,0
cppunit,1,0,0,0,1,1
python-ws4py,0,0,1,3,1,4
sbc,0,0,0,1,1,1
saclib,1,0,0,1,1,2
python-django-debreach,0,0,0,1,1,1
voms,0,0,0,7,1,7
libcompizconfig,0,0,1,1,1,2
lxmenu-data,0,0,1,1,1,2
pads,0,0,20,2,1,22
python-markdown-math,0,0,0,0,0,0
globus-simple-ca,0,0,0,0,0,0
geoip,0,0,0,0,0,0
fastd,0,0,0,2,1,2
python-qrcode,0,0,3,0,1,3
netmask,0,0,0,2,1,2
bibutils,0,0,0,0,0,0
golang-github-jpillora-backoff,0,0,0,0,0,0
screenkey,0,0,0,1,1,1
golang-github-jmoiron-sqlx,0,0,0,0,0,0
memtest86+,0,0,0,1,1,1
string-template-maven-plugin,0,0,3,2,1,5
golang-github-disintegration-imaging,0,0,0,0,0,0
yagf,0,1,1,14,1,16
veusz,0,0,0,1,1,1
ldapvi,1,0,10,5,1,16
packagekit-qt,0,0,2,0,1,2
emboss,0,0,9,10,1,19
python-ldappool,0,0,2,0,1,2
festival-freebsoft-utils,0,0,0,1,1,1
libtheora,2,0,1,4,1,7
timeshift,0,0,0,4,1,4
ldns,0,0,2,2,1,4
ppl,0,0,2,6,1,8
figlet,0,0,0,2,1,2
ocaml-mccs,0,0,1,1,1,2
lua-inotify,0,0,0,0,0,0
virt-manager,0,0,2,0,1,2
python-deprecation,0,0,0,0,0,0
python-xstatic-js-yaml,0,0,0,0,0,0
python-jsonpath-rw-ext,0,0,0,1,1,1
ocaml-sha,0,0,1,0,1,1
pass-otp,0,0,1,1,1,2
rust-libudev,0,0,0,0,0,0
gr-hpsdr,0,0,1,0,1,1
sympow,0,0,2,2,1,4
anjuta,1,0,3,8,1,12
nacl,0,0,5,13,1,18
golang-github-nats-io-nuid,0,0,0,0,0,0
gp2c,0,0,0,0,0,0
rust-pad,0,0,0,0,0,0
globus-gridftp-server-control,0,0,0,0,0,0
x-tile,0,0,1,1,1,2
git-secrets,0,0,0,3,1,3
python-pytest-lazy-fixture,0,0,1,0,1,1
gphotofs,0,0,0,2,1,2
prelude-lml,2,0,6,6,1,14
tpm2-tss-engine,0,0,0,0,0,0
rust-cursive,0,0,1,5,1,6
argus,0,0,3,4,1,7
dbus-c++,3,0,3,9,1,15
nitrogen,0,0,3,0,1,3
adjtimex,0,0,1,11,1,12
rust-atty,0,0,1,1,1,2
python-janus,0,0,0,0,0,0
input-pad,0,0,0,1,1,1
emacs-epc,0,0,1,1,1,2
lua-filesystem,0,0,0,0,0,0
lksctp-tools,0,0,8,0,1,8
rust-publicsuffix,0,0,1,1,1,2
mpdas,0,0,0,1,1,1
gl2ps,0,0,0,2,1,2
scorched3d,5,0,4,9,1,18
a52dec,0,0,4,8,1,12
git-ftp,0,0,0,0,0,0
djview4,0,0,4,2,1,6
teg,0,0,0,3,1,3
statserial,0,0,4,6,1,10
ndppd,0,0,0,1,1,1
mtx,2,0,0,6,1,8
globus-gssapi-gsi,0,0,0,0,0,0
python-toml,0,0,0,0,0,0
python-dbus-next,0,0,0,0,0,0
zsh,0,0,8,8,1,16
dvdbackup,0,0,1,3,1,4
warmux,2,0,1,9,1,12
yelp,0,0,1,1,1,2
cmospwd,0,0,0,1,1,1
globus-gsi-proxy-core,0,0,0,0,0,0
golang-github-muesli-cancelreader,0,0,0,0,0,0
python-libdiscid,0,0,0,1,1,1
golang-github-schollz-closestmatch,0,0,0,0,0,0
libsoundio,0,0,0,0,0,0
python-uinput,1,0,0,0,1,1
ampr-ripd,0,0,3,2,1,5
python-fixtures,0,0,0,0,0,0
danmaq,0,0,0,0,0,0
python-xstatic-jsencrypt,0,0,0,1,1,1
golang-github-dimchansky-utfbom,0,0,0,0,0,0
zegrapher,0,0,0,1,1,1
tse3,1,1,1,5,1,8
golang-github-zaf-g711,0,0,0,0,0,0
netstat-nat,0,0,1,0,1,1
unzip,10,1,24,17,1,52
tofrodos,0,0,0,0,0,0
detox,0,0,0,0,0,0
python-user-agents,0,0,0,0,0,0
quiterss,0,0,0,0,0,0
rust-assert-json-diff,0,0,1,1,1,2
gpaw-setups,0,0,0,0,0,0
debugbreak,0,0,0,0,0,0
maven-dependency-tree,0,0,0,0,0,0
nsca,0,0,1,3,1,4
uget,1,0,0,0,1,1
gcal,0,1,2,6,1,9
rust-fasteval,0,1,3,3,1,7
hunt,0,0,7,6,1,13
plexus-sec-dispatcher,0,0,0,2,1,2
libgxps,0,0,0,0,0,0
jansi-native,0,0,0,0,0,0
rust-language-tags,0,0,0,0,0,0
golang-github-juju-ratelimit,0,0,0,0,0,0
sigrok-cli,0,0,0,0,0,0
python-bsddb3,0,0,3,2,1,5
rust-xz2,0,0,1,2,1,3
lifeograph,0,0,0,1,1,1
clthreads,0,0,0,1,1,1
irrlicht,0,0,7,5,1,12
ding-libs,0,0,0,0,0,0
hawtjni,0,0,1,1,1,2
flann,0,0,4,3,1,7
python-matrix-common,0,0,0,0,0,0
mgetty,0,0,28,28,1,56
jboss-logging-tools,0,0,1,3,1,4
lua-penlight,0,0,0,0,0,0
ocaml-res,0,0,0,0,0,0
php-zmq,0,0,0,16,1,16
gnome-devel-docs,0,0,0,0,0,0
jack-keyboard,0,0,2,3,1,5
rust-secrecy,0,0,0,0,0,0
emerald,0,0,0,1,1,1
bsdiff,0,0,0,6,1,6
gnome-2048,1,0,0,0,1,1
mdk,0,0,1,9,1,10
golang-github-logrusorgru-aurora,0,0,0,0,0,0
globus-gram-job-manager-scripts,0,0,0,0,0,0
xfwm4,0,0,0,0,0,0
waylandpp,0,0,1,0,1,1
frotz,0,0,1,1,1,2
qlipper,0,0,0,0,0,0
maelstrom,1,0,6,4,1,11
globus-gram-client-tools,0,0,0,0,0,0
gnome-taquin,1,1,0,0,1,2
eurephia,0,0,1,2,1,3
qtspell,0,0,0,0,0,0
gdbm,0,0,0,3,1,3
python-nine,0,0,0,0,0,0
abi-compliance-checker,0,0,0,6,1,6
librasterlite2,0,0,0,1,1,1
rust-quickcheck,0,0,0,1,1,1
python-ddt,0,0,0,0,0,0
libomemo-c,0,0,0,1,1,1
ioport,0,0,0,2,1,2
golang-github-xordataexchange-crypt,0,0,0,0,0,0
atf,0,0,0,2,1,2
wkhtmltopdf,0,0,0,1,1,1
golang-github-containerd-stargz-snapshotter,0,0,0,1,1,1
opencore-amr,0,0,1,0,1,1
libquvi-scripts,0,0,1,1,1,2
golang-github-containerd-cgroups,0,0,0,3,1,3
golang-github-bep-clock,0,0,0,0,0,0
swami,0,0,0,1,1,1
python-xstatic-angular-vis,0,0,0,0,0,0
kproperty,0,0,1,1,1,2
dash,0,0,0,13,1,13
spandsp,0,0,0,5,1,5
msr-tools,0,0,1,2,1,3
grfcodec,0,0,1,3,1,4
phodav,0,0,0,1,1,1
python-scantree,0,0,0,1,1,1
libxpresent,0,0,0,1,1,1
librelp,0,0,0,0,0,0
golang-github-appc-spec,0,0,0,0,0,0
rust-retry,0,0,0,0,0,0
svn2cl,0,0,0,1,1,1
libemf,0,0,0,6,1,6
supertuxkart,0,0,4,6,1,10
eblook,0,0,3,1,1,4
golang-github-cli-oauth,0,0,0,0,0,0
atool,0,0,0,2,1,2
python-pbkdf2,0,0,2,0,1,2
mdns-scan,1,0,0,1,1,2
uptimed,0,0,1,2,1,3
mopac7,0,0,0,1,1,1
qmidiarp,0,0,0,0,0,0
mac-robber,0,0,0,1,1,1
golang-github-soheilhy-cmux,0,0,0,0,0,0
nip2,0,0,1,2,1,3
schedtool,0,0,1,2,1,3
globus-gass-cache,0,0,0,0,0,0
python-parsley,0,0,1,2,1,3
fcgiwrap,2,0,1,7,1,10
args4j,0,0,1,0,1,1
pentaho-reporting-flow-engine,0,0,1,1,1,2
rust-prettytable-rs,0,0,1,2,1,3
catimg,0,0,1,0,1,1
ddgr,0,0,0,2,1,2
safelease,0,0,0,1,1,1
golang-github-kurin-blazer,0,0,0,1,1,1
dee,1,0,4,5,1,10
python-paho-mqtt,0,0,0,0,0,0
ocaml-mew-vi,0,0,0,0,0,0
octave-parallel,0,0,1,9,1,10
golang-github-vbatts-tar-split,0,0,0,0,0,0
viking,0,0,0,5,1,5
globus-gridmap-callout-error,0,0,0,0,0,0
cachefilesd,0,0,0,1,1,1
eigen3,0,0,0,7,1,7
d52,1,0,1,1,1,3
autogen,1,0,3,9,1,13
opendmarc,0,1,1,16,1,18
rust-bit-vec,0,0,1,1,1,2
compiz-bcop,0,0,0,0,0,0
python-ansicolors,0,0,1,0,1,1
vorbisgain,0,0,3,10,1,13
enca,0,0,0,0,0,0
rust-termios,0,0,0,0,0,0
python-allpairspy,0,0,0,0,0,0
rust-dirs-next,0,0,0,1,1,1
telepathy-idle,0,0,0,0,0,0
libapreq2,0,0,5,6,1,11
globus-gss-assist,0,0,0,0,0,0
zaz,1,0,1,2,1,4
php-psr-simple-cache,0,0,0,0,0,0
volumeicon,0,0,0,1,1,1
yaml-cpp,0,0,1,5,1,6
eot-utils,0,0,0,0,0,0
openocd,0,0,0,2,1,2
globus-gram-job-manager-fork,0,0,0,0,0,0
libvdpau,0,0,0,0,0,0
wdiff,0,0,0,0,0,0
biblesync,0,0,0,0,0,0
libgadu,1,0,1,2,1,4
ocaml-gettext,0,0,3,2,1,5
python-pytest-trio,0,0,0,1,1,1
golang-github-ttacon-chalk,0,0,0,0,0,0
arptables,0,0,0,1,1,1
xfce4-wavelan-plugin,0,0,0,0,0,0
caribou,5,0,3,1,1,9
golang-github-containerd-typeurl,0,0,0,0,0,0
golang-github-ziutek-mymysql,0,0,0,0,0,0
vim-ale,0,0,0,7,1,7
paperkey,0,0,0,0,0,0
libxklavier,0,0,3,1,1,4
pngcheck,0,0,0,2,1,2
rust-libmount,0,0,2,4,1,6
golang-github-posener-complete,0,0,0,0,0,0
abiword,0,1,6,9,1,16
libdca,0,0,0,1,1,1
tlf,0,1,3,2,1,6
rust-codespan-reporting,0,0,1,1,1,2
rust-socks,0,0,1,1,1,2
rust-nb-connect,0,0,0,0,0,0
flickcurl,0,0,2,2,1,4
alienblaster,0,0,2,5,1,7
pdfresurrect,0,0,1,0,1,1
rust-overload,0,0,0,0,0,0
golang-github-minio-md5-simd,0,0,0,0,0,0
rear,0,0,26,2,1,28
pem,0,0,0,1,1,1
fontforge,0,0,2,5,1,7
pmars,0,0,3,3,1,6
dateutils,1,0,0,3,1,4
rust-tracing-futures,0,0,1,1,1,2
lv,3,1,5,10,1,19
python-zeep,0,0,1,2,1,3
smem,0,0,1,4,1,5
odt2txt,0,0,1,1,1,2
cscope,3,0,12,0,1,15
rust-same-file,0,0,1,0,1,1
mscgen,1,0,2,2,1,5
scamp,0,0,1,5,1,6
w3m,0,0,0,1,1,1
firejail,0,0,0,5,1,5
edac-utils,0,0,1,2,1,3
octave-quaternion,0,0,0,1,1,1
usbtop,0,0,0,0,0,0
mathgl,0,0,11,1,1,12
torcs,1,0,3,5,1,9
nsntrace,0,0,0,0,0,0
gnome-subtitles,0,0,0,0,0,0
rust-tap,0,0,0,0,0,0
openkim-models,0,0,0,0,0,0
tuxmath,0,0,2,2,1,4
cloudcompare,1,0,2,3,1,6
ramond,0,0,5,6,1,11
python-ordered-set,0,0,0,0,0,0
liboglappth,0,0,0,0,0,0
unclutter-xfixes,0,0,0,1,1,1
globus-xioperf,0,0,0,0,0,0
golang-github-creack-goselect,0,0,0,1,1,1
golang-github-google-gousb,0,0,0,0,0,0
redir,0,0,0,0,0,0
libmatheval,0,0,0,3,1,3
bwm-ng,1,0,3,0,1,4
dconf,0,0,1,0,1,1
python-xstatic-mdi,0,0,0,1,1,1
python-daphne,0,0,0,0,0,0
flent,0,0,0,0,0,0
backupninja,0,0,3,0,1,3
python-beniget,0,0,0,0,0,0
hunspell-kk,0,0,0,0,0,0
lightdm-gtk-greeter-settings,0,0,0,2,1,2
numad,1,0,2,8,1,11
gupnp-dlna,0,0,0,0,0,0
five-or-more,0,0,0,1,1,1
gtkglext,0,0,4,5,1,9
libmatroska,0,0,0,0,0,0
kronometer,0,0,0,0,0,0
libdfp,0,0,2,2,1,4
spatialindex,0,0,0,0,0,0
libcdaudio,1,0,4,4,1,9
golang-github-kelvins-sunrisesunset,0,0,0,0,0,0
libtomcrypt,0,0,0,2,1,2
teeworlds,0,0,1,8,1,9
golang-github-dennwc-ioctl,0,0,0,0,0,0
fig2ps,1,0,0,0,1,1
python-hpilo,0,0,0,0,0,0
mate-user-admin,0,0,0,1,1,1
rust-sptr,0,0,0,0,0,0
pymol,0,0,5,9,1,14
pngcrush,0,0,0,2,1,2
mxml,0,0,0,6,1,6
rust-yaml-rust,0,0,0,0,0,0
rust-crypto-hash,1,0,1,0,1,2
choqok,0,0,0,1,1,1
poezio,0,0,4,1,1,5
quesoglc,0,0,5,4,1,9
alpine,0,0,3,3,1,6
libotf,0,0,0,2,1,2
lua-lgi,1,0,2,3,1,6
granite,0,0,0,0,0,0
rust-unescape,0,0,0,0,0,0
rust-unic-segment,0,0,1,0,1,1
python-testing.common.database,1,0,0,0,1,1
python-banal,0,0,0,0,0,0
python-django-tagging,0,0,0,5,1,5
nsca-ng,0,0,0,2,1,2
litecli,0,0,0,0,0,0
wmfrog,0,0,3,0,1,3
njam,2,0,5,2,1,9
ocaml-fileutils,0,0,2,0,1,2
brightnessctl,0,0,1,1,1,2
libkate,0,0,0,5,1,5
libwpd,0,0,1,1,1,2
python-demjson,0,0,2,1,1,3
libgtextutils,0,0,1,4,1,5
xmlstarlet,0,0,1,7,1,8
etherape,0,0,0,0,0,0
python-xstatic-magic-search,0,0,0,1,1,1
golang-github-matryer-try,0,0,0,1,1,1
ballz,0,0,0,0,0,0
utox,0,0,0,3,1,3
rust-datetime,2,0,0,0,1,2
libssh,0,0,4,5,1,9
python-colour,0,0,0,0,0,0
libmspub,1,0,0,0,1,1
diskscan,0,0,1,0,1,1
ocaml-rresult,0,0,0,0,0,0
four-in-a-row,0,0,0,0,0,0
apt-cacher-ng,0,0,2,0,1,2
golang-github-jinzhu-inflection,0,0,0,0,0,0
conserver,0,0,2,0,1,2
pachi,0,0,5,1,1,6
easytag,0,0,0,2,1,2
wsdl4j,0,0,0,0,0,0
rust-quick-error,0,0,0,0,0,0
memtailor,0,0,1,0,1,1
libomemo,0,0,0,0,0,0
fcitx-libpinyin,0,0,0,1,1,1
liboping,0,0,2,5,1,7
rust-unic-char-range,0,0,0,0,0,0
rust-skeptic,0,0,2,1,1,3
herbstluftwm,0,0,1,2,1,3
gforth,2,1,2,10,1,15
regionset,0,0,0,3,1,3
dbus-sharp,0,0,6,2,1,8
rkward,0,0,1,0,1,1
maven-jar-plugin,0,0,0,1,1,1
dhex,0,0,1,2,1,3
grisbi,0,0,0,1,1,1
ratpoison,0,0,0,3,1,3
jpnevulator,0,0,0,0,0,0
opendoas,0,0,1,2,1,3
0ad-data,0,0,0,0,0,0
udisks2-qt5,0,0,0,0,0,0
eiskaltdcpp,0,0,0,0,0,0
vlc-plugin-pipewire,0,0,0,2,1,2
libuecc,0,0,0,0,0,0
stress,0,0,0,0,0,0
qsopt-ex,0,0,2,0,1,2
group-service,0,0,0,0,0,0
mono-tools,0,0,3,3,1,6
xdg-user-dirs-gtk,0,0,1,3,1,4
redeclipse,0,0,2,3,1,5
xvidcore,0,0,0,0,0,0
mimetic,0,0,2,2,1,4
luabind,0,0,12,8,1,20
psi-notify,0,0,0,2,1,2
gphoto2,0,0,0,3,1,3
minisat2,2,0,0,0,1,2
ocproxy,0,0,1,0,1,1
recap,0,0,0,0,0,0
libatasmart,1,0,0,1,1,2
golang-github-fogleman-gg,0,1,0,1,1,2
libxsmm,0,0,1,4,1,5
librttopo,0,0,1,0,1,1
shtool,0,0,0,4,1,4
grammalecte,0,0,1,6,1,7
python-fedora,0,0,0,0,0,0
sysfsutils,0,0,0,0,0,0
cdargs,1,0,3,10,1,14
gridsite,0,0,0,0,0,0
tnef,0,0,0,0,0,0
rust-gzip-header,0,0,0,0,0,0
qastools,0,0,0,0,0,0
xfce4-diskperf-plugin,0,0,0,0,0,0
masscan,0,0,0,2,1,2
sed,0,0,3,0,1,3
spatialite-gui,0,0,0,3,1,3
globus-gram-job-manager-lsf,0,0,0,0,0,0
grafx2,0,0,4,1,1,5
pasdoc,0,0,2,1,1,3
disorderfs,0,0,0,1,1,1
golang-github-hashicorp-errwrap,0,0,0,0,0,0
stoken,0,0,0,0,0,0
octave-gsl,0,0,0,0,0,0
mktorrent,0,0,0,0,0,0
brutalchess,1,0,0,7,1,8
discount,0,0,4,3,1,7
hicolor-icon-theme,0,0,0,0,0,0
vcftools,0,0,0,4,1,4
corosync-qdevice,0,0,0,2,1,2
libutempter,0,0,0,4,1,4
gxemul,0,0,4,1,1,5
guitarix,1,0,2,1,1,4
dosfstools,0,0,0,0,0,0
rapidxml,0,0,1,2,1,3
fcitx-fbterm,0,0,0,1,1,1
openhpi,0,0,9,4,1,13
trafficserver,0,0,1,8,1,9
source-highlight,1,0,1,2,1,4
python-tempita,0,1,0,1,1,2
log4cpp,1,1,5,5,1,12
globus-gram-job-manager-sge,0,0,0,0,0,0
rust-adler,0,0,1,1,1,2
tkabber-plugins,0,0,1,1,1,2
rust-maybe-uninit,0,0,0,0,0,0
potrace,0,0,0,0,0,0
lame,0,0,2,6,1,8
emerald-themes,0,0,0,0,0,0
ann,0,0,2,7,1,9
python-decorator,0,0,0,0,0,0
terminology,0,0,0,2,1,2
curlpp,0,0,0,2,1,2
libqxp,0,0,0,0,0,0
nethogs,0,0,0,1,1,1
prelude-lml-rules,0,0,0,1,1,1
golang-github-bgentry-speakeasy,0,0,0,0,0,0
chromaprint,0,0,0,2,1,2
berusky2,0,0,0,2,1,2
golang-github-pion-randutil,0,0,0,0,0,0
dcap,0,0,4,0,1,4
deutex,0,0,1,0,1,1
python-minimock,0,0,0,0,0,0
rust-bzip2,0,0,0,1,1,1
git-remote-hg,0,0,0,1,1,1
libdvdread,0,0,0,1,1,1
playerctl,0,0,0,1,1,1
xautolock,0,0,2,7,1,9
php-psr-cache,0,0,0,0,0,0
libicns,0,0,1,2,1,3
mp3gain,0,0,1,1,1,2
gcin,1,0,1,11,1,13
mapbox-variant,0,0,0,2,1,2
daa2iso,0,0,0,1,1,1
rust-fallible-streaming-iterator,0,0,0,0,0,0
xbindkeys,0,0,1,4,1,5
lugaru,0,0,4,3,1,7
entangle,1,0,0,0,1,1
liblastfm,0,0,0,1,1,1
python-yubico,0,0,1,1,1,2
p7zip,4,1,6,6,1,17
libestr,0,0,0,0,0,0
python-pefile,0,0,0,0,0,0
libev,0,0,0,0,0,0
api-sanity-checker,0,0,0,1,1,1
golang-github-jedisct1-dlog,0,0,0,0,0,0
libbinio,0,0,1,1,1,2
jflex,0,0,0,4,1,4
ustr,0,0,1,0,1,1
rust-foreign-types,0,0,0,0,0,0
trojan,0,0,1,0,1,1
osgi-compendium,0,0,0,1,1,1
freedink,1,0,2,1,1,4
macchanger,0,0,2,5,1,7
python-wadllib,0,0,0,1,1,1
sunxi-tools,0,0,0,0,0,0
taglib-extras,0,0,3,1,1,4
hdparm,0,0,6,3,1,9
libresample,0,0,1,1,1,2
python-cotyledon,0,0,1,1,1,2
light,0,0,0,1,1,1
libsigrokdecode,0,0,2,4,1,6
sunpinyin,0,0,2,1,1,3
python-cmarkgfm,0,0,0,0,0,0
patool,0,0,1,1,1,2
ioping,0,0,0,2,1,2
shairplay,0,0,3,2,1,5
clementine,0,0,1,6,1,7
python-click-default-group,0,0,0,0,0,0
gnurobbo,0,1,1,4,1,6
kakasi,0,0,2,2,1,4
pixiewps,0,0,2,1,1,3
dmtx-utils,1,0,1,2,1,4
sombok,0,0,0,5,1,5
whowatch,0,0,1,0,1,1
docbook-slides,0,0,0,4,1,4
python-throttler,0,0,0,0,0,0
shim,0,0,0,2,1,2
sdparm,0,0,0,0,0,0
scottfree,4,0,1,1,1,6
mairix,0,0,1,1,1,2
golang-github-google-subcommands,0,0,0,0,0,0
httptunnel,0,0,2,14,1,16
meanwhile,1,0,0,2,1,3
rust-liboverdrop,0,0,0,0,0,0
mpqc,0,0,3,17,1,20
xboard,0,0,0,5,1,5
altermime,1,0,1,9,1,11
golang-github-jackc-pgio,0,0,0,0,0,0
scim,0,0,2,2,1,4
ocaml-fpath,0,0,0,0,0,0
aspell-hr,0,0,0,0,0,0
pyserial-asyncio,0,0,0,1,1,1
python-rfc3987,0,0,0,0,0,0
gnome-sound-recorder,0,0,0,0,0,0
orocos-kdl,1,0,1,6,1,8
adapt,0,0,0,0,0,0
python-varlink,0,0,0,0,0,0
dfc,0,0,0,1,1,1
extremetuxracer,0,0,0,0,0,0
galculator,0,0,1,2,1,3
cool-retro-term,0,0,0,1,1,1
gnome-themes-extra,0,0,0,0,0,0
bzflag,0,0,0,1,1,1
golang-github-sourcegraph-jsonrpc2,0,0,0,0,0,0
rust-docopt,0,0,0,0,0,0
rust-inotify-sys,0,0,0,0,0,0
netpanzer,0,1,3,8,1,12
osmctools,0,0,0,0,0,0
phonon-backend-gstreamer,0,0,0,0,0,0
rust-fxhash,0,0,0,0,0,0
gnome-color-manager,0,0,1,0,1,1
dtach,0,0,0,3,1,3
libdaemon,0,0,0,1,1,1
pyshp,0,0,0,0,0,0
ccze,1,1,1,9,1,12
rust-findshlibs,0,0,1,0,1,1
bibtool,0,0,5,12,1,17
rust-tiny-keccak,0,0,0,0,0,0
rust-structopt,0,0,0,2,1,2
mpsolve,1,0,5,3,1,9
erlang-idna,0,0,1,1,1,2
python-marathon,2,0,0,0,1,2
tolua++,1,0,3,2,1,6
proguard,0,0,0,5,1,5
task,0,0,0,9,1,9
gtkspell,0,0,0,2,1,2
hunspell-eu,0,0,0,0,0,0
paper-icon-theme,0,0,0,0,0,0
xfce4-smartbookmark-plugin,0,0,1,0,1,1
golang-github-bep-tmc,0,0,0,0,0,0
xpenguins,1,0,3,3,1,7
python-zake,0,0,0,0,0,0
micro,0,0,0,2,1,2
golang-github-gorilla-schema,0,0,0,1,1,1
fspy,0,0,0,3,1,3
kstart,0,0,0,0,0,0
libdbi,0,0,1,4,1,5
python-pulsectl,0,0,0,0,0,0
python-epc,0,0,0,0,0,0
rust-clicolors-control,0,0,1,0,1,1
fluid-soundfont,0,0,0,0,0,0
nifticlib,0,0,1,0,1,1
python-iso3166,0,0,0,0,0,0
rust-hex,0,0,0,0,0,0
iptraf-ng,0,0,0,0,0,0
fuse-emulator,0,0,0,8,1,8
flatpak-xdg-utils,0,0,0,2,1,2
lua-zlib,0,0,0,0,0,0
screenfetch,0,0,0,0,0,0
golang-github-beorn7-perks,0,0,0,0,0,0
genromfs,0,0,1,2,1,3
freedink-data,0,0,0,0,0,0
clamsmtp,2,0,2,3,1,7
expect,1,1,16,14,1,32
gsettings-qt,0,0,0,5,1,5
libthai,0,0,1,0,1,1
perl-tk,0,0,9,3,1,12
renrot,0,0,0,1,1,1
golang-github-agext-levenshtein,0,0,0,0,0,0
par2cmdline,1,0,0,2,1,3
aggregate,0,0,2,4,1,6
algobox,0,0,0,2,1,2
extundelete,0,0,1,3,1,4
pybind11-json,0,0,0,0,0,0
gtkmm2.4,0,0,0,1,1,1
golang-github-zyedidia-tcell,0,0,0,0,0,0
usbguard-notifier,0,0,1,0,1,1
duff,0,0,2,0,1,2
python-funcsigs,0,0,1,2,1,3
golang-github-yl2chen-cidranger,0,0,0,0,0,0
emacs-deferred,0,0,0,4,1,4
libuser,0,0,1,2,1,3
uucp,1,0,8,7,1,16
python-zipstream,0,0,0,0,0,0
megaglest-data,0,0,0,0,0,0
log4c,0,0,2,2,1,4
revelation,0,0,0,1,1,1
python-ldap3,0,0,1,1,1,2
extractpdfmark,0,0,0,4,1,4
golang-github-gorilla-sessions,0,0,0,0,0,0
rust-fs2,0,0,3,0,1,3
xz-java,0,0,0,1,1,1
torsocks,1,0,1,0,1,2
tini,0,0,0,0,0,0
gnujump,0,0,1,8,1,9
needrestart,0,0,0,6,1,6
brasero,0,0,1,2,1,3
system-config-printer,0,0,2,5,1,7
python-os-client-config,0,0,0,1,1,1
python-warlock,0,0,0,0,0,0
python-xstatic-jasmine,0,0,0,0,0,0
rust-unic-char-property,0,0,0,0,0,0
czmq,0,0,0,0,0,0
goodvibes,0,0,0,0,0,0
lxde-common,0,0,6,3,1,9
dirvish,0,0,1,8,1,9
golang-github-bep-gitmap,0,0,1,0,1,1
python-boolean.py,0,0,0,1,1,1
python-rfc3986,0,0,0,1,1,1
libcdio,1,0,1,4,1,6
startup-notification,0,0,0,0,0,0
rust-multimap,0,0,1,0,1,1
dogtail,0,0,0,11,1,11
globus-proxy-utils,0,0,0,0,0,0
python-pyrss2gen,0,0,0,0,0,0
openttd-opengfx,0,0,0,0,0,0
crrcsim,0,0,5,10,1,15
mousetweaks,0,0,0,1,1,1
uudeview,2,0,2,15,1,19
dumb-init,0,0,1,1,1,2
rust-resolv-conf,0,0,0,1,1,1
m2vrequantiser,0,0,1,2,1,3
subtitleeditor,0,0,0,3,1,3
lxde-icon-theme,0,0,0,0,0,0
e00compr,0,0,2,1,1,3
conspy,0,0,0,0,0,0
ddate,0,0,0,0,0,0
incron,1,0,2,4,1,7
cxxtest,0,0,6,2,1,8
rust-cast,0,0,0,0,0,0
vinagre,1,0,3,6,1,10
fakechroot,0,0,2,12,1,14
python-mujson,0,0,0,0,0,0
ipmctl,0,0,3,0,1,3
pkgdiff,0,0,0,0,0,0
lua-coxpcall,0,0,0,0,0,0
btrfs-heatmap,0,0,0,0,0,0
esmtp,0,0,2,4,1,6
nicstat,0,0,0,4,1,4
python-jsonpath-rw,0,0,0,0,0,0
soundkonverter,0,0,0,3,1,3
libqrtr-glib,0,0,0,0,0,0
rust-utf-8,0,0,0,1,1,1
golang-github-benbjohnson-clock,0,0,0,0,0,0
shelldap,0,0,0,2,1,2
xylib,0,0,0,0,0,0
python-uritemplate,0,0,0,0,0,0
nload,0,0,0,2,1,2
rifiuti2,0,0,0,1,1,1
milkytracker,1,0,0,2,1,3
binwalk,1,0,3,0,1,4
dia,0,0,4,11,1,15
xfce4-places-plugin,0,0,0,0,0,0
libgringotts,0,0,1,4,1,5
zita-rev1,0,0,1,1,1,2
libreoffice-voikko,0,0,1,0,1,1
ruby-augeas,0,0,1,1,1,2
zita-convolver,0,0,0,1,1,1
pyscard,0,0,0,0,0,0
rkhunter,0,0,4,10,1,14
mirmon,0,0,0,1,1,1
python-xstatic-angular-uuid,0,0,0,0,0,0
globus-gram-job-manager-condor,0,0,0,0,0,0
voikko-fi,0,0,0,0,0,0
fcitx-m17n,0,0,0,0,0,0
dvblast,0,0,0,0,0,0
golang-github-jouyouyun-hardware,0,0,0,0,0,0
fcitx-configtool,0,0,0,0,0,0
acme-tiny,0,0,0,0,0,0
golang-github-jedisct1-xsecretbox,0,0,0,0,0,0
silly,0,0,1,3,1,4
python-axolotl,0,0,1,0,1,1
python-openidc-client,0,0,1,0,1,1
gf2x,0,0,2,0,1,2
mp3fs,0,0,0,0,0,0
python-zxcvbn,0,0,0,0,0,0
biloba,0,0,0,3,1,3
blis,0,0,0,1,1,1
rust-argparse,0,0,0,0,0,0
ccfits,0,0,2,2,1,4
qbrew,0,0,1,8,1,9
4pane,0,0,1,0,1,1
libeot,0,0,0,0,0,0
at,0,0,16,0,1,16
python-pydotplus,0,0,0,1,1,1
clutter-gtk,0,0,0,1,1,1
pyhoca-gui,0,0,0,0,0,0
xmake,0,0,3,2,1,5
stun,0,0,1,2,1,3
python-xvfbwrapper,0,0,0,0,0,0
golang-github-francoispqt-gojay,0,0,0,1,1,1
apcupsd,0,0,5,11,1,16
loudmouth,0,0,0,2,1,2
check,0,0,2,6,1,8
liblognorm,1,0,2,1,1,4
globus-openssl-module,0,0,0,0,0,0
xr-hardware,0,0,0,0,0,0
powermanga,0,0,1,0,1,1
ocaml-stdcompat,0,0,2,0,1,2
pdf2svg,0,0,0,0,0,0
monsterz,1,1,2,3,1,7
rtaudio,0,0,0,2,1,2
0ad,0,0,7,6,1,13
rust-quantiles,0,0,0,3,1,3
gr-iqbal,0,0,0,10,1,10
rdesktop,0,0,2,2,1,4
spice-vdagent,0,0,1,2,1,3
tpm2-abrmd,0,0,0,2,1,2
ccd2iso,0,0,3,0,1,3
globus-gram-job-manager,0,0,0,0,0,0
globus-ftp-client,0,0,0,0,0,0
ahven,0,0,0,1,1,1
scim-pinyin,0,0,3,1,1,4
ssmtp,2,0,7,7,1,16
gnupg-pkcs11-scd,0,0,0,1,1,1
wcstools,0,1,1,5,1,7
dietlibc,1,0,1,33,1,35
printrun,1,0,2,2,1,5
golang-github-spf13-jwalterweatherman,0,0,0,0,0,0
gnome-icon-theme,0,0,0,1,1,1
vagrant,1,0,5,7,1,13
pulseview,2,0,0,0,1,2
libkeepalive,0,0,5,1,1,6
trousers,1,0,3,5,1,9
xmlrpc-epi,0,0,2,0,1,2
rust-colorful,0,0,0,0,0,0
ocaml-ptmap,0,0,1,0,1,1
golang-github-juju-gnuflag,0,0,0,0,0,0
concordance,0,0,0,0,0,0
prelude-manager,4,0,3,6,1,13
picosat,0,0,1,3,1,4
xsane,2,0,17,26,1,45
python-wsproto,0,0,0,0,0,0
git-crypt,0,0,0,1,1,1
globus-xio-gsi-driver,0,0,0,0,0,0
dragonbox,0,0,0,0,0,0
xine-ui,0,0,2,2,1,4
mt-st,0,0,0,0,0,0
golang-github-kr-fs,0,0,0,0,0,0
hsetroot,0,0,1,1,1,2
rust-permutohedron,0,0,0,0,0,0
arc-gui-clients,6,0,0,0,1,6
ettercap,0,1,4,1,1,6
rust-environment,0,0,0,0,0,0
php-composer-metadata-minifier,0,0,0,0,0,0
libgovirt,0,0,2,1,1,3
python-pluginbase,0,0,0,0,0,0
txt2man,0,0,0,2,1,2
rust-rust-ini,0,0,0,1,1,1
xfce4-sensors-plugin,0,0,0,0,0,0
globus-gram-client,0,0,0,0,0,0
tasksh,0,0,1,2,1,3
xbanish,0,0,0,2,1,2
conntrack-tools,0,0,2,0,1,2
python-testscenarios,0,0,0,1,1,1
newlisp,0,0,2,9,1,11
gtkhash,0,0,0,0,0,0
jbigkit,1,0,3,6,1,10
golang-github-nozzle-throttler,0,0,0,0,0,0
malaga,1,0,2,6,1,9
golang-github-anacrolix-log,0,0,0,0,0,0
oxygen-fonts,0,0,0,1,1,1
frobby,0,0,1,2,1,3
mpdris2,0,0,1,2,1,3
gecode,0,1,5,5,1,11
x2godesktopsharing,0,0,0,0,0,0
php-geos,5,0,2,0,1,7
makebootfat,0,0,2,2,1,4
python-cycler,0,0,0,0,0,0
golang-github-kyoh86-xdg,0,0,0,0,0,0
golang-github-vividcortex-gohistogram,0,0,0,0,0,0
pianobar,0,0,0,0,0,0
glpk,0,0,3,2,1,5
ocaml-trie,0,0,0,0,0,0
lftp,1,0,3,2,1,6
golang-github-xiang90-probing,0,0,0,0,0,0
golang-github-muesli-reflow,0,0,0,0,0,0
chemical-mime-data,0,0,1,2,1,3
time,0,0,6,3,1,9
kasumi,1,0,5,3,1,9
golang-github-gin-contrib-sse,0,0,0,0,0,0
vagrant-libvirt,0,0,3,0,1,3
toppler,0,0,5,0,1,5
golang-github-disintegration-gift,0,0,0,0,0,0
dhcping,0,0,2,6,1,8
golang-github-muesli-crunchy,0,0,0,1,1,1
privoxy,0,0,5,7,1,12
libudfread,0,0,0,0,0,0
rust-lazycell,0,1,0,0,1,1
po-debconf,0,0,0,0,0,0
owfs,0,0,2,6,1,8
libavc1394,0,0,1,3,1,4
rust-entities,0,0,0,0,0,0
globus-gram-audit,0,0,0,0,0,0
ntl,0,0,1,1,1,2
xteddy,0,0,1,2,1,3
globus-scheduler-event-generator,0,0,0,0,0,0
drascula,0,0,0,0,0,0
erlang-bitcask,0,0,4,1,1,5
python-lockfile,0,0,1,1,1,2
golang-mvdan-editorconfig,0,0,0,0,0,0
ogmtools,0,0,2,6,1,8
lagan,0,0,3,10,1,13
hmmer,0,0,1,7,1,8
awesome,0,0,1,10,1,11
soci,0,0,1,1,1,2
ebumeter,0,0,1,1,1,2
engauge-digitizer,0,0,1,3,1,4
python-m2r,0,0,0,3,1,3
portmidi,0,1,6,11,1,18
rust-unic-ucd-version,0,0,0,0,0,0
rust-zram-generator,0,0,0,1,1,1
opensp,0,0,5,0,1,5
python-tasklib,0,0,0,0,0,0
rust-lexical-core,0,0,1,3,1,4
golang-github-mitchellh-hashstructure,0,0,0,0,0,0
rust-inflector,0,0,1,0,1,1
m4,0,0,0,2,1,2
golang-github-inconshreveable-log15,0,0,0,0,0,0
compiz,0,0,4,3,1,7
python-datetimerange,0,0,0,0,0,0
golang-github-k-sone-critbitgo,0,0,0,0,0,0
bibletime,0,0,0,0,0,0
rust-seahash,0,0,1,2,1,3
python-marshmallow-enum,0,0,0,1,1,1
python-javaobj,0,0,0,1,1,1
mathomatic,0,0,3,3,1,6
fflas-ffpack,0,0,4,2,1,6
gdigi,0,0,2,2,1,4
rust-man,0,0,0,0,0,0
cqrlog,0,0,2,2,1,4
globus-gssapi-error,0,0,0,0,0,0
xdffileio,0,0,0,2,1,2
cntlm,0,0,2,0,1,2
kdb,2,0,14,1,1,17
tllist,0,0,0,0,0,0
rw,0,0,1,0,1,1
tali,0,0,0,0,0,0
surf,0,0,0,7,1,7
msktutil,0,0,0,1,1,1
dnsmap,0,0,0,0,0,0
tktray,0,0,0,2,1,2
qdbm,0,0,3,8,1,11
liboauth,0,0,0,4,1,4
lbzip2,1,0,1,0,1,2
ipmitool,2,0,5,9,1,16
deepin-menu,0,0,0,0,0,0
tuxpuck,0,0,3,6,1,9
rust-float-ord,0,0,0,0,0,0
watchdog,0,0,3,0,1,3
libiec61883,0,0,2,0,1,2
bsfilter,0,0,0,4,1,4
buffer,0,0,3,15,1,18
qzxing,0,0,2,1,1,3
golang-github-bettercap-readline,0,0,0,0,0,0
golang-github-malfunkt-iprange,0,0,0,0,0,0
sblim-wbemcli,1,1,4,5,1,11
adwaita-qt,0,0,0,0,0,0
alot,0,0,1,6,1,7
erlang-poolboy,0,0,0,0,0,0
prettyping,0,0,0,0,0,0
arandr,0,0,1,0,1,1
python-testing.postgresql,1,0,2,0,1,3
zzuf,0,0,4,2,1,6
thinkfan,0,0,1,7,1,8
libbluray,0,0,2,1,1,3
eb,0,0,2,1,1,3
ibus-table-extraphrase,0,0,0,1,1,1
scummvm-tools,0,0,1,6,1,7
python-webencodings,0,0,0,0,0,0
octave-specfun,0,0,0,1,1,1
rust-const-cstr,0,0,0,0,0,0
nanomsg,0,0,0,2,1,2
abook,0,0,4,2,1,6
zpaq,0,0,1,2,1,3
globus-xio-rate-driver,0,0,0,0,0,0
angelscript,0,0,0,6,1,6
sysbench,0,0,2,5,1,7
plexus-cipher,0,0,0,2,1,2
python-xstatic-hogan,0,0,0,0,0,0
clinfo,0,0,0,0,0,0
rust-rand,0,0,0,2,1,2
lua-lxc,0,0,0,0,0,0
libodfgen,0,0,0,0,0,0
cbootimage,0,0,0,0,0,0
python-aniso8601,0,0,0,0,0,0
rust-pam-sys,0,0,0,0,0,0
supertux,0,0,2,4,1,6
bpytop,0,0,0,1,1,1
rust-fixedbitset,0,0,0,0,0,0
xml2,0,0,0,0,0,0
jfsutils,0,1,2,5,1,8
xloadimage,19,0,8,13,1,40
avra,0,0,1,3,1,4
plotutils,2,0,2,9,1,13
piper,0,0,0,0,0,0
xiphos,0,0,0,4,1,4
libgrss,0,0,0,0,0,0
popt,0,0,0,1,1,1
openctm,0,0,6,2,1,8
fprintd,0,0,0,5,1,5
rust-cfg-if,0,0,0,1,1,1
scrub,0,0,5,2,1,7
molequeue,0,0,0,0,0,0
erlang-meck,0,0,1,0,1,1
python-daemon,0,0,1,1,1,2
libdv,0,0,5,8,1,13
cd-discid,0,0,0,0,0,0
libcec,0,0,2,2,1,4
dcmtk,1,0,1,15,1,17
libkkc,2,0,3,6,1,11
xscorch,2,0,1,1,1,4
libvdpau-va-gl,0,0,0,0,0,0
dfu-util,0,0,0,1,1,1
golang-github-robfig-cron,0,0,0,0,0,0
fusion-icon,0,0,1,2,1,3
golang-github-cli-safeexec,0,0,0,0,0,0
rust-deflate,0,0,0,2,1,2
doclifter,0,0,1,2,1,3
virt-p2v,0,0,0,0,0,0
libmcrypt,0,0,6,1,1,7
pybluez,0,1,2,2,1,5
globus-gram-job-manager-slurm,0,0,0,0,0,0
rzip,0,0,1,8,1,9
evemu,0,0,0,3,1,3
hw-probe,0,0,0,1,1,1
scapy,0,0,0,3,1,3
ezstream,0,0,1,2,1,3
ccsm,0,0,0,0,0,0
gnome-klotski,0,0,0,0,0,0
libnitrokey,0,0,0,1,1,1
povray,0,0,3,19,1,22
daq,0,0,0,1,1,1
lua-json,0,0,0,0,0,0
xbae,0,0,4,8,1,12
golang-github-viant-toolbox,0,0,1,1,1,2
python-dpkt,0,0,2,0,1,2
dvdauthor,0,0,1,5,1,6
python-async-timeout,0,0,0,0,0,0
overgod,1,1,2,3,1,7
gkrellm,3,0,3,2,1,8
reaver,0,0,2,0,1,2
dd2,0,0,3,6,1,9
libpagemaker,0,0,0,0,0,0
python-langdetect,0,0,0,0,0,0
rust-hmac,0,0,0,2,1,2
telepathy-logger,0,0,1,4,1,5
starplot,1,0,4,4,1,9
pimd,0,0,0,0,0,0
libunity,0,0,1,0,1,1
squeak-vm,1,0,5,7,1,13
lua-argparse,0,0,0,0,0,0
rust-shell-words,0,0,0,0,0,0
tripwire,0,0,0,2,1,2
koules,11,1,38,7,1,57
rust-tokio-serde,1,0,0,0,1,1
gentoo,0,0,1,3,1,4
usbauth-notifier,0,0,0,0,0,0
gnupg1,1,0,3,4,1,8
isrcsubmit,0,0,1,1,1,2
lsdvd,0,0,0,0,0,0
python-kafka,0,0,1,7,1,8
hd-idle,0,0,1,0,1,1
yelp-xsl,0,0,0,0,0,0
gron,0,0,0,1,1,1
devhelp,0,0,0,3,1,3
whohas,0,0,0,0,0,0
nexus,0,1,2,3,1,6
festival,0,2,4,21,1,27
lua-unbound,0,0,0,0,0,0
cpputest,0,0,3,0,1,3
dnssec-trigger,0,0,7,10,1,17
mathic,0,0,1,0,1,1
exif,0,0,1,3,1,4
intelhex,0,0,0,0,0,0
gsl,0,0,4,3,1,7
golang-github-dennwc-varint,0,0,0,2,1,2
dmg2img,0,0,0,2,1,2
maven-plugin-testing,0,0,3,2,1,5
python-xlib,0,0,4,5,1,9
golang-github-morikuni-aec,0,0,0,0,0,0
alure,0,0,2,2,1,4
golang-github-smartystreets-goconvey,0,0,0,0,0,0
geomview,0,0,0,8,1,8
lua-bitop,0,0,0,3,1,3
foxtrotgps,0,0,3,0,1,3
rust-ordered-multimap,0,0,0,0,0,0
libdvdnav,0,0,0,0,0,0
hexedit,0,0,2,0,1,2
collada-dom,0,0,2,1,1,3
libfixposix,0,0,0,0,0,0
libghemical,0,0,0,1,1,1
dropwatch,0,0,0,1,1,1
gtkpod,0,0,3,1,1,4
duf,0,0,0,0,0,0
python-munch,0,0,1,0,1,1
maven-artifact-transfer,0,1,2,1,1,4
beansbinding,0,0,2,1,1,3
globus-gass-server-ez,0,0,0,0,0,0
libntlm,0,0,0,0,0,0
libsocketcan,0,0,0,3,1,3
c2hs,0,0,0,3,1,3
golang-github-oklog-run,0,0,0,0,0,0
ibus-kkc,1,0,1,1,1,3
python-admesh,0,0,0,0,0,0
psad,0,0,2,2,1,4
asciidoc,0,0,1,4,1,5
octave-struct,0,0,0,1,1,1
libglade2,0,0,2,1,1,3
chemtool,1,0,3,4,1,8
bpython,0,0,0,0,0,0
cglib,0,0,1,1,1,2
ethstatus,0,0,0,0,0,0
fmit,0,0,0,1,1,1
xzgv,1,0,2,0,1,3
rabbitsign,0,0,0,0,0,0
ibus-input-pad,0,0,1,1,1,2
libspectre,0,0,0,0,0,0
rust-sized-chunks,0,0,1,1,1,2
rcs,0,0,1,1,1,2
golang-github-atotto-clipboard,0,0,0,0,0,0
mallard-rng,0,0,0,0,0,0
mythes,0,0,0,1,1,1
openarena,0,0,0,14,1,14
endlessh,1,0,3,1,1,5
php-doctrine-instantiator,0,0,0,0,0,0
pyserial,0,0,0,1,1,1
ykclient,0,0,0,0,0,0
cpipe,0,0,0,1,1,1
shorewall,0,0,3,7,1,10
python-click-didyoumean,0,0,0,0,0,0
msort,0,0,4,4,1,8
pidgin-sipe,1,0,3,1,1,5
python-autocommand,0,0,1,0,1,1
crack,0,0,2,11,1,13
retext,0,0,0,0,0,0
python-kgb,0,0,0,0,0,0
typespeed,0,0,0,2,1,2
golang-github-geoffgarside-ber,0,0,0,0,0,0
minisign,0,0,0,1,1,1
libfreehand,1,0,0,0,1,1
iagno,2,0,0,0,1,2
python-boto,0,0,10,5,1,15
ptl,0,0,0,1,1,1
python-snuggs,0,0,0,0,0,0
rust-target,0,0,1,0,1,1
atanks,0,0,1,0,1,1
scim-m17n,0,0,3,0,1,3
libigloo,0,0,1,0,1,1
ganglia,0,0,14,1,1,15
rust-cexpr,0,0,0,0,0,0
txt2regex,0,0,1,5,1,6
js8call,0,0,3,5,1,8
procserv,0,0,0,0,0,0
e2tools,0,0,0,0,0,0
xfce4-cpufreq-plugin,0,0,0,0,0,0
gifticlib,0,0,0,4,1,4
libofx,0,0,1,0,1,1
maven-common-artifact-filters,0,0,0,1,1,1
jaaa,0,0,0,1,1,1
yersinia,0,0,3,2,1,5
wmcalclock,0,0,0,6,1,6
materia-kde,0,0,0,0,0,0
libxdamage,0,0,0,1,1,1
libspectrum,0,0,0,4,1,4
aspell-mr,0,0,1,0,1,1
mrtg,0,0,4,3,1,7
py-radix,0,0,0,0,0,0
golang-github-nkovacs-streamquote,0,0,0,1,1,1
php-psr-event-dispatcher,0,0,0,0,0,0
spacefm,1,0,2,6,1,9
golang-github-google-nftables,0,0,0,2,1,2
libspiro,0,0,0,0,0,0
ibus-table-chinese,0,0,0,0,0,0
nodm,0,0,2,3,1,5
bristol,0,0,4,4,1,8
golang-github-olekukonko-tablewriter,0,0,0,0,0,0
calf,0,0,0,3,1,3
rhino,0,0,0,3,1,3
libzen,0,0,0,0,0,0
gearhead2,0,0,1,2,1,3
python-imagesize,0,0,0,0,0,0
sloccount,0,0,0,9,1,9
pinfo,0,1,7,1,1,9
spamass-milter,0,1,7,4,1,12
cgit,1,0,1,7,1,9
ocaml-graphics,0,0,0,0,0,0
rust-dlv-list,0,0,0,0,0,0
sc,4,1,0,1,1,6
distcc,0,0,3,4,1,7
tango-icon-theme,0,0,3,2,1,5
python-xstatic-smart-table,0,0,0,1,1,1
golang-github-alecthomas-kong-hcl,0,0,1,1,1,2
ftnchek,0,0,3,0,1,3
libcdio-paranoia,0,0,1,2,1,3
libvncserver,0,0,5,0,1,5
gtypist,0,0,1,3,1,4
python-urwid-readline,0,0,0,0,0,0
console-bridge,0,0,1,1,1,2
gajim,0,0,0,2,1,2
libzbd,0,0,0,0,0,0
iucode-tool,0,0,0,0,0,0
gyp,0,0,7,10,1,17
wfuzz,0,0,0,4,1,4
python-volatile,0,0,0,0,0,0
dbus-sharp-glib,0,0,0,0,0,0
pamix,1,0,1,1,1,3
bustle,0,0,2,2,1,4
slapi-nis,0,0,1,1,1,2
lua-markdown,0,0,1,1,1,2
libpgf,0,0,0,2,1,2
python-pretend,0,0,0,0,0,0
globus-gatekeeper,0,0,0,0,0,0
golang-github-mvo5-goconfigparser,0,0,0,0,0,0
root-tail,0,0,5,2,1,7
rust-unic-common,0,0,0,0,0,0
rust-unic-ucd-segment,0,0,0,0,0,0
libccd,0,0,3,0,1,3
rust-cassowary,0,0,0,0,0,0
python-hupper,0,0,0,0,0,0
flam3,0,0,0,9,1,9
oggvideotools,0,0,6,7,1,13
zita-ajbridge,0,0,0,3,1,3
renameutils,1,0,0,1,1,2
libsquish,0,0,1,5,1,6
python-pytest-click,0,0,0,0,0,0
safecopy,0,0,0,1,1,1
rc,0,0,0,5,1,5
rust-crunchy,0,0,0,0,0,0
tre,0,0,8,3,1,11
golang-github-julienschmidt-httprouter,0,0,0,0,0,0
slic3r,2,1,9,6,1,18
tgif,0,0,4,4,1,8
kaffeine,0,0,0,0,0,0
rust-lru-cache,0,0,0,0,0,0
python-yaql,0,0,1,0,1,1
pnm2ppa,1,0,5,4,1,10
uthash,0,0,0,1,1,1
cgdb,0,0,1,1,1,2
python-ly,0,0,0,0,0,0
globus-net-manager,0,0,0,0,0,0
monitorix,0,0,0,4,1,4
libvorbis,0,0,0,2,1,2
fcitx-unikey,0,0,0,0,0,0
libcddb,0,0,3,3,1,6
rust-servo-fontconfig,0,0,0,0,0,0
golang-github-elithrar-simple-scrypt,0,0,0,1,1,1
rust-linked-hash-map,0,0,0,1,1,1
openscenegraph,0,0,9,7,1,16
rust-bincode,0,0,0,0,0,0
gflags,0,0,1,3,1,4
mingetty,3,0,2,3,1,8
bison,0,0,0,2,1,2
libraw1394,0,0,0,0,0,0
radare2,0,0,3,2,1,5
kdesvn,0,0,0,2,1,2
trend,0,0,0,0,0,0
tcpick,1,0,6,7,1,14
vo-amrwbenc,0,0,0,0,0,0
dasher,1,1,1,6,1,9
libebur128,0,0,0,0,0,0
redland,0,0,1,0,1,1
rust-envy,0,0,0,0,0,0
python-mock,1,0,0,3,1,4
rust-md5,0,0,0,0,0,0
cdist,0,0,1,2,1,3
undbx,0,0,1,1,1,2
collectd,0,0,6,9,1,15
totem,0,0,1,1,1,2
foma,0,0,3,0,1,3
apr-util,0,0,9,11,1,20
hashcat,0,0,1,5,1,6
stacer,0,0,0,0,0,0
python-kaptan,0,0,0,0,0,0
python-tomli,0,0,0,0,0,0
waffle,0,0,2,1,1,3
apiguardian,0,0,0,1,1,1
rust-cascade,0,0,0,0,0,0
python-dateutil,0,0,2,1,1,3
mozjs102,3,0,12,17,1,32
android-file-transfer,0,0,1,0,1,1
xournal,0,0,2,19,1,21
rust-normalize-line-endings,0,0,0,0,0,0
unpaper,0,0,2,2,1,4
docbook-simple,0,0,0,3,1,3
calamaris,0,0,1,2,1,3
libnfc,0,0,0,1,1,1
rust-serde-value,0,0,0,0,0,0
radeontop,0,0,1,0,1,1
python-xstatic-d3,0,0,0,1,1,1
pidgin-otr,0,0,0,0,0,0
python-genty,0,0,0,0,0,0
bijiben,1,0,1,1,1,3
libeatmydata,0,0,1,3,1,4
python-passlib,0,0,0,1,1,1
bzip2,0,0,4,7,1,11
pyzor,0,0,0,3,1,3
marsshooter,2,0,3,2,1,7
python-plaster,0,0,0,1,1,1
osgi-annotation,0,0,0,0,0,0
libfishsound,0,0,0,3,1,3
golang-github-containerd-console,0,0,0,0,0,0
lmms,0,0,3,4,1,7
dsdp,1,0,2,0,1,3
golang-github-mitchellh-copystructure,0,0,0,0,0,0
libsigrok,0,0,1,2,1,3
vagrant-cachier,0,0,0,1,1,1
berusky-data,0,0,0,1,1,1
globus-xio-gridftp-multicast,0,0,0,0,0,0
golang-github-restic-chunker,0,0,0,0,0,0
mojo-executor,0,0,1,0,1,1
rust-pam,0,0,3,1,1,4
antlr,0,0,2,6,1,8
qgit,0,0,0,0,0,0
libnma,0,0,1,0,1,1
python-requestsexceptions,0,0,0,0,0,0
dbus-glib,0,0,0,0,0,0
pipenightdreams,0,0,5,3,1,8
clamz,0,0,0,1,1,1
whatweb,0,0,0,2,1,2
d-feet,0,0,1,3,1,4
gnome-screenshot,1,0,0,2,1,3
trac,0,0,2,3,1,5
fityk,0,0,1,0,1,1
rust-argmax,0,0,0,1,1,1
freedink-dfarc,0,0,0,0,0,0
gtkspell3,0,0,0,1,1,1
php-psr-link,0,0,0,0,0,0
python-scrypt,0,0,0,0,0,0
python-schedutils,0,0,0,2,1,2
planets,1,0,5,5,1,11
golang-github-sanity-io-litter,0,0,0,0,0,0
mksh,0,0,0,5,1,5
tinyxml2,0,0,0,1,1,1
libgda5,1,0,11,2,1,14
ga,0,0,0,6,1,6
vmtouch,0,0,0,1,1,1
setserial,0,0,8,17,1,25
rancid,1,0,2,14,1,17
gbdfed,1,0,1,3,1,5
oomd,1,0,3,1,1,5
crack-attack,0,0,8,2,1,10
rlwrap,0,0,0,0,0,0
golang-github-moby-patternmatcher,0,0,0,0,0,0
zinnia,1,0,3,2,1,6
zita-alsa-pcmi,0,0,0,3,1,3
osmo,0,0,0,1,1,1
libb64,0,0,0,7,1,7
redshift,0,0,0,7,1,7
tetrinetx,0,0,0,1,1,1
kyua,0,0,0,0,0,0
unhide,0,0,0,3,1,3
pdd,0,0,1,2,1,3
libecap,0,0,0,2,1,2
usbauth,0,0,0,1,1,1
audiofile,4,3,4,8,1,19
globus-gram-job-manager-callout-error,0,0,0,0,0,0
fcitx-sunpinyin,0,0,0,1,1,1
tcltls,5,0,0,0,1,5
univocity-parsers,0,0,1,0,1,1
pystring,0,0,1,0,1,1
ocaml-bigarray-compat,0,0,0,0,0,0
irstlm,0,0,2,4,1,6
globus-authz-callout-error,0,0,0,0,0,0
cflow,0,0,0,1,1,1
pychess,0,0,1,1,1,2
libgdata,0,0,1,0,1,1
golang-github-chromedp-sysutil,0,0,0,0,0,0
libltc,0,0,1,0,1,1
ifstat,0,0,3,0,1,3
xfce4-datetime-plugin,0,0,0,0,0,0
libdazzle,0,0,0,0,0,0
py3c,0,0,0,0,0,0
python-textile,0,0,0,1,1,1
dreamchess,0,0,0,0,0,0
libmikmod,0,0,4,2,1,6
cronolog,0,0,3,7,1,10
mtdev,0,0,0,0,0,0
plank,0,0,0,3,1,3
xcb-util-cursor,0,0,0,0,0,0
libmacaroons,2,0,0,0,1,2
python-openid-cla,0,0,0,0,0,0
libfastjson,0,0,0,0,0,0
sshpass,0,0,0,0,0,0
obconf,0,0,1,3,1,4
golang-github-nrdcg-desec,0,0,0,0,0,0
vnstat,1,0,0,3,1,4
autodocksuite,0,0,0,4,1,4
jglobus,11,0,6,0,1,17
python-colored-traceback,0,0,0,3,1,3
maven-antrun-plugin,0,0,0,1,1,1
rust-fnv,0,0,0,0,0,0
libsixel,0,0,1,8,1,9
glogg,1,0,1,0,1,2
paprefs,0,0,0,1,1,1
cuetools,0,0,2,0,1,2
enjarify,0,0,2,2,1,4
supervisor,0,0,0,0,0,0
rapidjson,0,0,9,14,1,23
golang-github-tidwall-match,0,0,0,0,0,0
libcanberra,1,0,0,3,1,4
amtk,0,0,0,0,0,0
lua-binaryheap,0,0,0,0,0,0
ebook-tools,0,0,1,1,1,2
fstrm,0,0,4,0,1,4
golang-github-gorhill-cronexpr,0,0,0,0,0,0
python-django-crispy-forms,0,0,0,3,1,3
golang-github-pkg-errors,0,0,0,0,0,0
fpc,2,0,7,37,1,46
dbench,0,0,2,2,1,4
golang-github-segmentio-ksuid,0,0,0,0,0,0
libtar,2,1,6,6,1,15
python-markdown-include,0,0,0,2,1,2
mdbtools,0,0,2,2,1,4
fbterm,0,0,1,4,1,5
opus-tools,0,0,0,0,0,0
golang-github-josharian-intern,0,0,0,0,0,0
cloud-utils,0,0,0,0,0,0
picojson,0,0,0,0,0,0
flare-engine,0,0,0,0,0,0
neverball,0,0,0,3,1,3
globus-authz,0,0,0,0,0,0
hedgewars,1,0,3,4,1,8
rclone-browser,0,0,0,1,1,1
libstatgrab,0,0,0,1,1,1
fatcat,0,0,1,0,1,1
sibsim4,0,0,0,1,1,1
cdbs,0,0,0,0,0,0
gkeyfile-sharp,0,0,1,2,1,3
wmctrl,0,0,1,2,1,3
maven-shared-io,0,0,1,0,1,1
bumpversion,0,0,0,3,1,3
ebtables,0,0,0,4,1,4
python-hl7,0,0,0,0,0,0
octave-doctest,0,0,0,0,0,0
rust-assert-impl,0,0,0,0,0,0
fuse,2,0,5,7,1,14
mptcpd,0,0,0,0,0,0
python-sentinels,0,0,0,0,0,0
xpad,0,0,0,0,0,0
mopidy-mpd,0,0,1,0,1,1
kreport,1,0,2,0,1,3
gts,0,1,1,1,1,3
python-click-threading,0,0,0,0,0,0
modem-manager-gui,2,0,2,2,1,6
python-exif,0,0,0,0,0,0
golang-github-letsencrypt-challtestsrv,0,0,0,0,0,0
dislocker,0,0,0,3,1,3
totem-pl-parser,0,0,1,3,1,4
libgpod,0,0,9,5,1,14
sane-frontends,1,0,6,10,1,17
abi-dumper,0,0,0,3,1,3
nss-mdns,0,0,2,0,1,2
libxcvt,0,0,0,0,0,0
traverso,0,0,2,3,1,5
kxstitch,0,0,0,3,1,3
help2man,0,0,0,0,0,0
rust-void,0,0,0,0,0,0
libshout,0,0,2,0,1,2
tcllib,0,0,0,1,1,1
mathicgb,0,0,1,1,1,2
connect-proxy,0,0,1,0,1,1
chrpath,0,0,0,0,0,0
dwz,0,0,1,1,1,2
hspell,0,0,1,4,1,5
congruity,0,0,0,0,0,0
globus-gridmap-verify-myproxy-callout,0,0,0,0,0,0
whichwayisup,2,1,0,1,1,4
freedroid,1,0,5,5,1,11
sylfilter,0,0,0,1,1,1
vim-gitgutter,0,0,0,0,0,0
wide-dhcpv6,22,0,2,0,1,24
fvwm,1,0,7,4,1,12
ophcrack,0,0,1,2,1,3
telepathy-accounts-signon,0,0,0,0,0,0
keyutils,0,0,0,8,1,8
elph,0,0,1,3,1,4
libidl,0,0,5,2,1,7
zerofree,0,0,0,0,0,0
xmlindent,0,0,0,4,1,4
rust-effective-limits,0,0,3,0,1,3
patch,12,0,14,3,1,29
xcowsay,0,0,0,1,1,1
ii,0,0,0,4,1,4
ois,1,0,0,2,1,3
golang-github-kylelemons-godebug,0,0,0,0,0,0
libratbag,0,0,1,1,1,2
exo,0,0,0,0,0,0
eegdev,6,0,1,2,1,9
colorized-logs,0,0,0,0,0,0
sfnt2woff-zopfli,0,0,1,0,1,1
globus-xio-pipe-driver,0,0,0,0,0,0
rtorrent,0,0,4,0,1,4
gsmartcontrol,0,0,0,3,1,3
tmate,0,0,0,3,1,3
notification-daemon,0,0,0,0,0,0
maven-shared-incremental,0,0,0,0,0,0
xplanet,0,0,0,5,1,5
libyubikey,0,0,0,0,0,0
golang-rsc-binaryregexp,0,0,0,0,0,0
f3,0,0,0,1,1,1
rust-xi-unicode,0,0,0,0,0,0
gnome-menus,0,0,1,7,1,8
dynamite,0,0,0,1,1,1
globus-ftp-control,0,0,0,0,0,0
vkeybd,0,0,2,5,1,7
golang-github-ghodss-yaml,0,0,0,0,0,0
rust-beef,0,0,0,0,0,0
wvdial,2,0,5,0,1,7
cortado,0,0,1,3,1,4
gau2grid,0,0,0,2,1,2
python-mccabe,0,0,0,2,1,2
maven-mapping,0,0,0,0,0,0
osgi-core,0,0,0,1,1,1
rust-statistical,0,0,1,3,1,4
vim-syntastic,0,0,3,0,1,3
daemonize,0,0,0,2,1,2
golang-github-jtolds-gls,0,0,0,0,0,0
golang-github-mailru-easyjson,0,0,0,0,0,0
bcal,0,0,1,0,1,1
golang-github-gorilla-mux,0,0,0,0,0,0
flameshot,0,0,0,2,1,2
rust-faccess,0,0,1,1,1,2
fcl,0,0,0,1,1,1
ctemplate,0,0,0,0,0,0
stringtemplate,0,0,1,2,1,3
libpwquality,0,0,1,0,1,1
python-debian,0,0,0,0,0,0
golang-github-containerd-btrfs,0,0,0,0,0,0
sqlgrey,0,0,2,4,1,6
speedtest-cli,0,0,0,0,0,0
apachetop,0,0,0,1,1,1
jkmeter,0,0,0,2,1,2
aesfix,1,0,0,0,1,1
soqt,0,0,1,3,1,4
linuxdoc-tools,0,0,4,0,1,4
dh-autoreconf,0,0,0,0,0,0
golang-github-h2non-parth,0,0,0,0,0,0
mm,0,0,0,0,0,0
sigscheme,0,0,0,3,1,3
globus-gsi-proxy-ssl,0,0,0,0,0,0
a2jmidid,1,0,2,0,1,3
rust-tui,0,0,0,1,1,1
libpipeline,0,0,0,0,0,0
dbus-test-runner,0,0,0,3,1,3
wavbreaker,0,0,0,1,1,1
pinpoint,0,0,0,4,1,4
lazpaint,0,0,0,0,0,0
golang-github-miekg-pkcs11,0,0,2,2,1,4
jemalloc,0,0,0,2,1,2
libstaroffice,0,0,0,0,0,0
libtool,0,0,8,23,1,31
tinc,0,0,0,2,1,2
corkscrew,0,0,3,6,1,9
mypaint,1,0,1,0,1,2
iml,0,0,0,0,0,0
libsamplerate,0,0,0,0,0,0
golang-github-puerkitobio-purell,0,0,0,0,0,0
vlc-plugin-bittorrent,0,0,0,0,0,0
python-requests-futures,0,0,0,0,0,0
grepcidr,0,0,0,1,1,1
up-imapproxy,0,0,3,14,1,17
fillets-ng,0,1,3,1,1,5
globus-xio-udt-driver,0,0,0,0,0,0
iftop,0,0,4,4,1,8
python-stopit,0,0,0,0,0,0
libldac,0,0,0,0,0,0
abe,0,0,6,6,1,12
yelp-tools,0,0,0,1,1,1
rust-heapsize,0,0,2,0,1,2
wslay,0,1,0,2,1,3
lasi,0,0,1,2,1,3
globus-gsi-openssl-error,0,0,0,0,0,0
innoextract,0,0,0,0,0,0
pwgen,0,0,0,1,1,1
enum,0,0,0,0,0,0
arch-install-scripts,0,0,0,1,1,1
rust-blake2,0,0,0,2,1,2
freedroidrpg,0,0,0,5,1,5
vorbis-tools,0,0,3,1,1,4
psi,0,0,2,1,1,3
game-music-emu,0,0,0,0,0,0
golang-github-flynn-noise,0,0,0,0,0,0
klatexformula,1,0,0,4,1,5
php-webmozart-assert,0,0,0,0,0,0
ant-contrib,0,0,2,5,1,7
gv,0,0,7,0,1,7
vpnc,0,0,2,0,1,2
sendemail,3,0,0,1,1,4
rust-memmap,0,0,3,0,1,3
speexdsp,0,0,0,0,0,0
rust-bitmaps,0,0,1,0,1,1
xfce4-xkb-plugin,0,0,0,0,0,0
screenie,0,0,0,0,0,0
ocaml-bos,0,0,0,0,0,0
xcb-util-errors,0,0,0,1,1,1
rust-path-slash,0,0,0,0,0,0
rust-lzma-sys,0,0,2,0,1,2
bwa,1,0,1,5,1,7
arc-theme,0,0,0,0,0,0
triehash,0,0,0,0,0,0
python-tomli-w,0,0,0,0,0,0
spectra,0,0,0,2,1,2
libserialport,1,0,0,2,1,3
golang-github-gofrs-flock,0,0,0,0,0,0
qpdfview,0,0,2,1,1,3
liblayout,0,0,1,1,1,2
qrupdate,0,0,0,1,1,1
rust-blobby,0,0,0,0,0,0
jid,0,0,0,0,0,0
tzdata,0,0,3,1,1,4
ladvd,0,0,2,1,1,3
sparse,0,0,1,3,1,4
fcitx-kkc,0,0,0,5,1,5
virt-viewer,1,0,1,1,1,3
python-colorama,0,0,0,0,0,0
ocaml-fmt,0,0,0,1,1,1
mcrypt,0,0,8,1,1,9
rust-dbus-tree,0,0,1,0,1,1
recutils,0,0,2,0,1,2
xwrits,0,0,0,3,1,3
python-cssselect2,0,0,0,2,1,2
gammu,0,0,2,7,1,9
rust-threadpool,0,0,1,0,1,1
jzlib,0,0,1,0,1,1
rust-alloc-stdlib,0,0,1,2,1,3
python-josepy,0,0,0,1,1,1
rust-wait-timeout,0,0,0,0,0,0
syslinux,0,0,9,8,1,17
libmpd,1,0,1,0,1,2
libetpan,0,1,5,4,1,10
hostname,0,0,1,0,1,1
pyhunspell,0,0,1,0,1,1
libtermkey,0,0,2,0,1,2
beets,0,0,0,5,1,5
python-phpserialize,0,0,0,1,1,1
mkosi,0,0,0,0,0,0
clxclient,0,0,1,3,1,4
vim-fugitive,0,0,0,0,0,0
rust-font-kit,1,0,1,5,1,7
rust-enquote,0,0,0,0,0,0
aubio,1,0,4,6,1,11
vdo,0,0,0,1,1,1
pmount,0,0,3,3,1,6
python-linecache2,0,0,0,1,1,1
trackballs,0,0,0,1,1,1
whipper,0,0,0,4,1,4
pingus,3,1,1,3,1,8
xxkb,0,0,1,3,1,4
erlang-cl,0,0,1,1,1,2
qr-code-generator,0,0,0,2,1,2
logstalgia,0,0,0,0,0,0
snoopy,0,0,1,1,1,2
dvdisaster,0,0,2,32,1,34
nitrokey-app,0,0,1,1,1,2
qrencode,0,0,0,2,1,2
ddpt,0,0,0,0,0,0
synapse,0,0,0,1,1,1
zipios++,2,0,4,5,1,11
golang-github-dlclark-regexp2,0,0,0,1,1,1
ocaml-qtest,0,0,1,0,1,1
amavisd-milter,0,0,0,2,1,2
libnumbertext,0,0,0,2,1,2
golang-github-hashicorp-logutils,0,0,0,0,0,0
mb2md,0,0,0,4,1,4
qvge,0,0,1,1,1,2
ranger,0,0,0,6,1,6
canl-c,0,0,0,0,0,0
sfcgal,0,0,0,3,1,3
lordsawar,0,0,1,0,1,1
protozero,0,0,0,1,1,1
gnome-power-manager,0,0,0,2,1,2
rust-pathdiff,0,0,0,0,0,0
rust-docmatic,0,0,1,1,1,2
python-h2,0,0,2,1,1,3
xawtv,1,0,1,9,1,11
lua-cyrussasl,0,0,0,0,0,0
chicken,0,0,1,1,1,2
gtk2-engines,0,0,4,3,1,7
sipvicious,0,0,0,1,1,1
tix,0,0,6,5,1,11
bowtie,0,0,1,8,1,9
fillets-ng-data,0,0,5,0,1,5
monit,0,0,0,3,1,3
libzmf,0,0,0,0,0,0
fcitx-chewing,0,0,0,0,0,0
libkml,0,0,10,2,1,12
emacs-ctable,0,0,0,1,1,1
golang-github-coreos-semver,0,0,0,0,0,0
yapet,0,0,0,4,1,4
keybinder,0,0,0,3,1,3
rust-nanorand,0,0,1,3,1,4
golang-github-evilsocket-islazy,0,0,0,0,0,0
pfstools,0,0,3,10,1,13
golang-github-iovisor-gobpf,0,0,0,1,1,1
surfraw,0,0,0,1,1,1
libx86,1,0,7,1,1,9
python-watchgod,0,0,0,1,1,1
keychain,0,0,0,3,1,3
dejagnu,0,0,1,1,1,2
systemd-bootchart,0,0,0,1,1,1
git-review,0,0,0,0,0,0
pass-audit,0,0,2,0,1,2
pipebench,0,0,1,3,1,4
rust-hostname,0,0,3,0,1,3
procyon,0,0,1,1,1,2
hashid,0,0,0,1,1,1
golang-github-juju-ansiterm,0,0,0,0,0,0
snowball,0,0,1,3,1,4
libdockapp,0,0,0,0,0,0
tokyocabinet,0,0,2,12,1,14
libtorrent,0,0,2,0,1,2
stfl,0,0,0,1,1,1
jetring,0,0,0,0,0,0
python-py,0,0,0,1,1,1
linbox,0,0,1,6,1,7
myrepos,0,0,0,0,0,0
xpa,0,0,2,9,1,11
golang-google-appengine,0,0,0,0,0,0
rust-sys-info,0,0,0,2,1,2
python-affine,0,0,0,0,0,0
uronode,0,0,2,4,1,6
lv2-c++-tools,0,0,0,0,0,0
digitemp,0,0,0,0,0,0
python-pypubsub,0,0,0,0,0,0
libdatrie,0,0,0,0,0,0
samdump2,1,0,1,4,1,6
nedit,0,0,7,7,1,14
rust-human-sort,0,0,0,0,0,0
python-crcelk,0,0,0,0,0,0
python-kajiki,0,0,0,0,0,0
colpack,0,0,1,1,1,2
readline,0,0,14,11,1,25
berusky2-data,0,0,0,0,0,0
python-hpack,0,0,0,0,0,0
python-littleutils,0,0,0,0,0,0
mailman3,0,0,2,2,1,4
rust-getset,0,0,0,0,0,0
p0f,0,0,2,1,1,3
python-unpaddedbase64,0,0,0,0,0,0
python-daemonize,0,0,0,2,1,2
megaglest,4,0,8,2,1,14
maven-reporting-impl,0,0,1,0,1,1
rust-mac,0,0,0,0,0,0
rust-lexiclean,0,0,0,0,0,0
dvgrab,0,0,0,3,1,3
rust-backoff,1,0,0,0,1,1
ocaml-csv,0,0,1,0,1,1
numlockx,0,0,0,2,1,2
q4wine,0,0,0,1,1,1
gcl,0,0,9,3,1,12
tclap,0,0,0,1,1,1
golang-github-mitchellh-mapstructure,0,0,0,0,0,0
iptstate,0,1,2,1,1,4
yank,0,0,0,0,0,0
gnome-system-log,0,0,0,4,1,4
golang-github-mitchellh-reflectwalk,0,0,0,0,0,0
goldendict,0,0,0,1,1,1
globus-gsi-callback,0,0,0,0,0,0
rasqal,0,0,2,0,1,2
afflib,0,0,0,0,0,0
postgrey,0,0,0,4,1,4
cups-pdf,0,0,7,2,1,9
python-whoosh,0,0,0,4,1,4
golang-github-gobwas-httphead,0,0,0,0,0,0
ibus-skk,0,0,1,0,1,1
arp-scan,0,0,0,3,1,3
python-arrow,0,0,1,1,1,2
qsstv,0,0,1,1,1,2
rust-servo-fontconfig-sys,0,0,0,1,1,1
python-pyeclib,0,0,1,2,1,3
clamav,0,0,6,8,1,14
libdbi-drivers,1,0,3,10,1,14
erlang-cf,0,0,0,1,1,1
kpeoplevcard,0,0,0,0,0,0
fcoe-utils,0,0,2,5,1,7
plplot,4,0,7,20,1,31
lua-fifo,0,0,0,0,0,0
compiz-plugins-main,0,0,1,4,1,5
numix-gtk-theme,0,0,0,0,0,0
python-django-rules,0,0,0,0,0,0
acpitool,5,1,2,2,1,10
ocaml-topkg,0,0,0,0,0,0
luckybackup,0,0,0,2,1,2
libepoxy,0,0,0,0,0,0
git-secret,0,0,0,0,0,0
dmraid,3,0,16,16,1,35
tomsfastmath,0,0,0,3,1,3
ocaml-integers,0,0,1,0,1,1
gnome-tetravex,1,0,0,2,1,3
tfdocgen,0,0,0,1,1,1
libint,0,0,2,2,1,4
afuse,0,0,1,0,1,1
disktype,0,0,1,6,1,7
dot2tex,0,0,0,0,0,0
golang-github-gogo-status,0,0,0,0,0,0
libieee1284,0,0,1,4,1,5
avahi,7,0,4,16,1,27
golang-github-fortytw2-leaktest,0,0,1,0,1,1
pcapy,1,0,2,2,1,5
globus-gfork,0,0,0,0,0,0
golang-github-miolini-datacounter,0,0,0,0,0,0
pcmanx-gtk2,0,0,0,2,1,2
dx,0,4,6,22,1,32
golang-github-valyala-bytebufferpool,0,0,0,0,0,0
golang-github-xeipuuv-gojsonschema,1,0,0,0,1,1
pokerth,0,0,3,9,1,12
memchan,0,0,0,2,1,2
python-pyperclip,0,0,0,1,1,1
redisearch,0,0,2,1,1,3
devtodo,0,0,2,3,1,5
python-xstatic-angular-lrdragndrop,0,0,0,1,1,1
rust-r2d2,0,0,0,1,1,1
rust-difference,0,0,2,1,1,3
zsh-autosuggestions,0,0,0,0,0,0
idle3-tools,0,0,0,4,1,4
golang-github-gorilla-websocket,0,0,0,0,0,0
octave-image,0,0,0,10,1,10
wwl,0,0,0,2,1,2
libmodplug,0,0,1,0,1,1
catdoc,0,0,1,6,1,7
rust-async-attributes,0,0,0,1,1,1
git-remote-gcrypt,0,0,0,0,0,0
xfce4-eyes-plugin,0,0,0,0,0,0
sigrok-firmware-fx2lafw,0,0,0,0,0,0
redsocks,1,0,1,1,1,3
wv,1,0,1,11,1,13
libb2,0,0,0,1,1,1
dssi,0,0,2,1,1,3
rs,0,0,1,0,1,1
pioneers,0,0,1,0,1,1
qcomicbook,0,0,2,3,1,5
python-mailer,0,0,1,1,1,2
yajl,3,0,5,2,1,10
python-booleanoperations,0,0,0,0,0,0
libasyncns,0,0,0,1,1,1
python-priority,0,0,0,0,0,0
xml-security-c,0,0,0,0,0,0
python-publicsuffix2,0,0,0,2,1,2
liblzf,0,0,1,1,1,2
python-crayons,0,0,0,0,0,0
tth,0,0,0,11,1,11
rust-indenter,0,0,0,0,0,0
libnxt,0,0,0,0,0,0
phpmyadmin,0,0,1,11,1,12
libhangul,0,0,0,0,0,0
smtpping,0,0,0,1,1,1
hfsutils,1,0,3,3,1,7
ibus-rime,0,0,0,0,0,0
mailnag,0,0,2,0,1,2
hyphen,0,0,0,1,1,1
python-xstatic-qunit,0,0,0,1,1,1
python-retrying,0,0,0,0,0,0
dbus-python,0,0,1,0,1,1
amoebax,0,0,1,6,1,7
sendxmpp,0,0,1,1,1,2
python-rencode,0,0,0,2,1,2
gtksourceview3,0,0,1,0,1,1
php-psr-container,0,0,0,0,0,0
voms-mysql-plugin,0,0,0,0,0,0
quilt,0,0,2,11,1,13
php-cache-integration-tests,0,0,0,0,0,0
sipcalc,0,0,0,0,0,0
abootimg,0,0,0,0,0,0
fstransform,0,0,0,0,0,0
python-mongomock,0,0,0,0,0,0
libiptcdata,0,0,0,0,0,0
golang-github-klauspost-pgzip,0,0,0,0,0,0
clpeak,0,0,0,0,0,0
linux-atm,0,1,9,2,1,12
tslib,0,0,1,0,1,1
bitlbee,0,0,2,1,1,3
mrrescue,1,0,4,0,1,5
rust-im-rc,0,0,1,3,1,4
nsnake,0,0,0,3,1,3
nulib2,0,0,1,5,1,6
bc,0,0,3,7,1,10
rust-dotenv,0,0,1,0,1,1
gsound,0,0,0,0,0,0
kmymoney,0,0,0,0,0,0
cpphs,0,0,0,0,0,0
python-outcome,0,0,0,0,0,0
pugixml,0,0,0,1,1,1
golang-github-muesli-smartcrop,0,0,0,0,0,0
babeltrace,0,0,1,1,1,2
spice-gtk,0,0,0,0,0,0
graphite2,0,0,2,7,1,9
globus-xio-popen-driver,0,0,0,0,0,0
equalx,0,0,0,1,1,1
kobodeluxe,1,1,2,6,1,10
websocketpp,1,0,4,4,1,9
luksmeta,2,0,1,3,1,6
plotnetcfg,0,0,0,3,1,3
libmediaart,0,0,0,0,0,0
convertall,0,0,3,1,1,4
rust-alloc-no-stdlib,0,0,1,1,1,2
fmtools,0,0,1,1,1,2
adplug,0,0,0,1,1,1
rust-binascii,0,0,0,1,1,1
openbox,0,1,2,26,1,29
libcutl,0,0,1,3,1,4
virtualpg,0,0,0,0,0,0
fcitx-table-extra,0,0,0,2,1,2
prewikka,1,0,0,2,1,3
gpart,0,0,1,1,1,2
bamf,0,0,0,1,1,1
compiz-plugins-experimental,0,0,1,1,1,2
cc65,0,0,1,1,1,2
python-os-service-types,0,0,0,1,1,1
python-ifaddr,0,0,0,0,0,0
bchunk,0,0,1,2,1,3
lcmaps,0,0,0,0,0,0
globus-io,0,0,0,0,0,0
realmd,0,0,6,2,1,8
tweak,0,0,0,6,1,6
penguin-command,0,0,1,1,1,2
code2html,0,0,0,0,0,0
onesixtyone,0,0,0,0,0,0
vcdimager,0,0,0,4,1,4
bonnie++,0,0,1,0,1,1
leveldb,1,0,4,4,1,9
python-msrestazure,0,0,0,0,0,0
rust-z85,0,0,0,0,0,0
netplug,0,0,2,6,1,8
libirman,0,0,0,3,1,3
rust-xmlwriter,0,0,0,0,0,0
perlbal,0,0,0,6,1,6
sxiv,0,0,0,4,1,4
neuron,0,1,17,3,1,21
python-vdf,0,0,0,0,0,0
xmount,0,0,2,1,1,3
rust-safemem,0,0,0,0,0,0
rust-tracing-serde,0,0,2,1,1,3
libcryptui,1,0,2,5,1,8
python-cligj,0,0,0,0,0,0
ocaml-benchmark,0,0,0,0,0,0
w3c-markup-validator,0,1,4,8,1,13
python3-simpletal,0,0,0,1,1,1
halibut,0,0,0,0,0,0
vdpauinfo,0,0,0,0,0,0
kseexpr,0,0,0,1,1,1
minetestmapper,0,0,0,0,0,0
rust-json,0,0,0,0,0,0
gr-funcube,0,0,0,1,1,1
rust-plain,0,0,0,0,0,0
golang-github-gosuri-uilive,0,0,0,0,0,0
readosm,0,0,0,2,1,2
pkcs11-dump,0,0,0,0,0,0
golang-github-lithammer-dedent,0,0,0,0,0,0
bwbar,2,0,2,3,1,7
rust-endian-type,0,0,0,0,0,0
python-logfury,0,0,1,1,1,2
golang-github-gobwas-glob,0,0,0,0,0,0
vte,2,0,8,4,1,14
chipmunk,0,0,1,3,1,4
ots,0,0,1,3,1,4
vtable-dumper,0,0,0,1,1,1
publican,0,0,2,5,1,7
kcheckers,0,0,2,4,1,6
lightdm-autologin-greeter,0,0,0,5,1,5
ditaa,0,1,1,3,1,5
barrier,1,0,0,2,1,3
bogofilter,0,0,0,4,1,4
golang-github-coreos-pkg,0,0,0,1,1,1
python-httpretty,0,0,5,3,1,8
low-memory-monitor,0,0,0,0,0,0
golang-github-moby-locker,0,0,0,0,0,0
fcitx-ui-light,0,0,0,2,1,2
gnome-mines,0,0,0,1,1,1
aoetools,0,0,1,8,1,9
python3-lxc,0,0,0,0,0,0
golang-github-nrdcg-goinwx,0,0,0,0,0,0
rapid-photo-downloader,0,0,1,2,1,3
bridge-utils,0,0,0,1,1,1
libu2f-host,1,0,0,1,1,2
python-click-plugins,0,0,0,0,0,0
intltool,2,0,1,1,1,4
i2c-tools,0,0,0,2,1,2
openbabel,1,0,10,4,1,15
rust-precomputed-hash,0,0,0,0,0,0
tkabber,0,0,1,1,1,2
python-pytest-cov,0,0,2,0,1,2
gnome-feeds,0,0,0,2,1,2
dbus,0,0,1,1,1,2
python-fastbencode,0,0,0,0,0,0
globus-gram-protocol,0,0,0,0,0,0
libofa,3,0,3,6,1,12
ntfs-3g,0,0,1,1,1,2
python-rx,0,0,2,3,1,5
twolame,0,0,0,2,1,2
glabels,1,0,2,4,1,7
splat,0,0,1,0,1,1
python-promise,0,0,0,4,1,4
flite,0,0,2,6,1,8
pipewire-media-session,0,0,0,1,1,1
patchutils,0,0,0,2,1,2
fcitx,0,0,2,3,1,5
cadaver,0,0,0,0,0,0
lua-compat53,0,0,0,0,0,0
quotatool,0,0,0,6,1,6
almanah,1,0,1,0,1,2
rust-lmdb,0,0,0,0,0,0
rust-pager,0,0,0,0,0,0
cdrkit,1,1,19,4,1,25
maven-reporting-api,0,0,0,0,0,0
sslsplit,0,0,1,3,1,4
python-smmap,0,0,0,0,0,0
ipvsadm,0,0,1,1,1,2
jline2,0,0,0,1,1,1
phpcpd,0,0,1,1,1,2
maliit-keyboard,0,0,1,0,1,1
gengetopt,0,0,0,2,1,2
tinyxml,1,0,1,3,1,5
python-atomicwrites,0,0,0,1,1,1
libevdevplus,0,0,1,0,1,1
python-yaswfp,0,0,0,0,0,0
scanmem,0,0,0,4,1,4
lincity-ng,0,0,7,0,1,7
python-livereload,0,0,0,2,1,2
octave-optim,0,0,0,4,1,4
telepathy-glib,0,0,2,1,1,3
pyusb,0,0,0,0,0,0
globus-gass-cache-program,0,0,0,0,0,0
sshuttle,0,0,0,0,0,0
libgnomekbd,0,0,0,2,1,2
texttable,0,0,0,0,0,0
opendbx,0,0,4,3,1,7
testrepository,0,0,0,0,0,0
authres,0,0,0,0,0,0
behave,1,0,3,2,1,6
testresources,0,0,0,2,1,2
sphinx-markdown-tables,0,0,0,0,0,0
jschema-to-python,0,0,0,0,0,0
readlike,0,0,0,0,0,0
pickleshare,0,0,0,0,0,0
pyspf,0,0,1,2,1,3
nose,2,0,9,14,1,25
ghp-import,0,0,0,0,0,0
prawcore,0,0,0,0,0,0
mailman-hyperkitty,0,0,0,1,1,1
hyperlink,0,0,0,0,0,0
dbusmenu-qt,0,0,0,0,0,0
javaproperties,0,0,0,0,0,0
pyyaml-env-tag,0,0,0,0,0,0
constantly,0,0,1,0,1,1
pyphen,0,0,1,3,1,4
faketime,0,0,3,2,1,5
django-q,0,0,0,7,1,7
sphinx-multiversion,0,0,0,0,0,0
stomper,0,0,0,0,0,0
simplegeneric,0,0,0,0,0,0
file-mmagic,0,0,1,1,1,2
soxr,0,0,0,1,1,1
colorclass,0,0,0,0,0,0
mimerender,0,0,0,0,0,0
flask-principal,0,0,0,0,0,0
backoff,0,0,0,0,0,0
asciitree,0,0,0,0,0,0
defusedxml,0,0,1,0,1,1
texext,0,0,2,0,1,2
dumb,1,0,3,1,1,5
automat,0,0,0,0,0,0
scour,0,0,0,0,0,0
flask-mongoengine,0,0,1,0,1,1
gtkdatabox,0,0,0,2,1,2
pykwalify,0,0,0,0,0,0
kazoo,0,0,0,0,0,0
sphinxcontrib-pecanwsme,0,0,0,1,1,1
fuzzywuzzy,0,0,0,0,0,0
physfs,0,0,0,0,0,0
bgpdump,0,0,0,7,1,7
ldapdomaindump,0,0,1,0,1,1
flake8-import-order,0,0,1,0,1,1
logzero,0,0,0,1,1,1
voluptuous-serialize,0,0,0,0,0,0
speg,0,0,0,0,0,0
pycares,0,0,0,3,1,3
flask-talisman,0,0,0,0,0,0
flake8-polyfill,1,0,0,1,1,2
kitchen,0,0,1,4,1,5
pivy,0,0,3,0,1,3
flake8-blind-except,0,0,0,0,0,0
jupyter-packaging,0,0,0,0,0,0
musicbrainzngs,0,0,0,1,1,1
doxypypy,0,0,0,2,1,2
easydict,0,0,0,0,0,0
cmd2,0,0,0,1,1,1
pyquery,0,0,3,0,1,3
svgwrite,0,0,1,2,1,3
pytest-golden,0,0,0,0,0,0
pytest-expect,0,0,1,0,1,1
sphinxcontrib-trio,0,0,1,0,1,1
colorspacious,0,0,1,0,1,1
parsedatetime,0,0,0,0,0,0
awesomeversion,0,0,0,0,0,0
pybtex,0,0,2,2,1,4
click-completion,0,0,0,0,0,0
blessings,0,0,2,0,1,2
convertdate,0,0,0,0,0,0
netifaces,0,0,0,1,1,1
pyls-spyder,0,0,0,0,0,0
eperl,1,0,2,11,1,14
commonmark,0,0,1,0,1,1
txws,0,0,2,0,1,2
speaklater,0,0,2,2,1,4
helpdev,0,0,1,0,1,1
testpath,0,0,0,1,1,1
perlindex,0,0,1,3,1,4
sphinxcontrib-asyncio,0,0,0,0,0,0
mdurl,0,0,0,0,0,0
pytz-deprecation-shim,0,0,0,0,0,0
django-haystack,0,0,0,0,0,0
pysimplesoap,1,0,0,4,1,5
pod2pdf,0,0,0,6,1,6
poppler-qt5,0,0,2,0,1,2
suds,0,0,1,0,1,1
journal-brief,0,0,0,1,1,1
pytest-astropy-header,0,0,0,0,0,0
vsts-cd-manager,0,0,0,2,1,2
html5lib,1,0,1,0,1,2
aiohttp-cors,0,0,4,0,1,4
ntplib,0,0,0,0,0,0
sphinxcontrib-log-cabinet,0,0,0,0,0,0
humanfriendly,0,0,1,1,1,2
terminaltables,0,0,2,5,1,7
flake8-builtins,0,0,0,0,0,0
mallard-ducktype,0,0,0,0,0,0
jinja2-time,0,0,1,2,1,3
pysword,0,0,0,0,0,0
soil,0,0,1,1,1,2
cram,0,0,0,2,1,2
trololio,0,0,0,0,0,0
cachy,0,0,0,1,1,1
projectm,0,0,3,4,1,7
parsimonious,0,0,0,0,0,0
django-tastypie,0,0,0,0,0,0
case,0,0,0,1,1,1
singledispatch,0,0,0,0,0,0
sphinxcontrib-programoutput,0,0,0,4,1,4
httmock,0,0,0,0,0,0
django-ipware,0,0,0,0,0,0
sphinxcontrib-blockdiag,0,0,0,2,1,2
piexif,1,0,0,1,1,2
easyprocess,0,0,0,0,0,0
flask-mail,0,0,0,1,1,1
pyaes,0,0,3,1,1,4
lerc,0,0,1,0,1,1
pyrfc3339,0,0,1,1,1,2
subprocess-tee,0,0,1,0,1,1
oscrypto,0,0,1,4,1,5
patatt,0,0,0,1,1,1
routes,0,0,1,3,1,4
aiosignal,0,0,0,0,0,0
locket,0,0,0,0,0,0
pyuca,0,0,1,0,1,1
starlet,0,0,0,1,1,1
pytest-mpi,0,0,0,3,1,3
dib-utils,0,0,0,0,0,0
azure-functions-devops-build,0,0,0,0,0,0
isodate,0,0,0,0,0,0
dxflib,0,0,0,3,1,3
pelican,0,0,1,2,1,3
smarty-gettext,0,0,0,0,0,0
fann,0,0,2,4,1,6
carton,0,0,0,1,1,1
d2to1,0,0,1,0,1,1
dockerpty,0,0,0,0,0,0
m4ri,1,0,2,0,1,3
m4rie,0,0,2,0,1,2
flake8-class-newline,0,0,0,0,0,0
sortedcontainers,0,0,0,1,1,1
usrsctp,0,0,0,1,1,1
flask-openid,0,0,1,2,1,3
sphinx-basic-ng,0,0,0,0,0,0
django-pglocks,0,0,0,1,1,1
pytzdata,0,0,2,1,1,3
postorius,0,0,2,2,1,4
enrich,0,0,4,1,1,5
signon-glib,0,0,0,2,1,2
xlwt,0,0,0,0,0,0
sphinxtesters,0,0,0,0,0,0
reparser,0,0,0,0,0,0
intl-perl,0,0,0,3,1,3
crashtest,0,0,0,0,0,0
icoextract,0,0,0,0,0,0
gwebsockets,0,0,0,0,0,0
click-help-colors,0,0,1,0,1,1
ipy,0,0,0,0,0,0
gertty,0,0,1,1,1,2
url-normalize,0,0,0,1,1,1
wtforms,0,0,0,1,1,1
typogrify,0,0,0,0,0,0
openobex,1,0,3,1,1,5
pigpio,0,0,0,3,1,3
pyasn,0,0,1,0,1,1
translitcodec,0,0,0,0,0,0
cccolutils,0,0,0,0,0,0
citeproc-py,0,0,0,1,1,1
click-man,0,0,0,0,0,0
pyaudio,0,0,0,1,1,1
xml-perl,0,0,0,3,1,3
sqlparse,0,0,0,2,1,2
wcag-contrast-ratio,0,0,0,0,0,0
flask-multistatic,0,0,0,0,0,0
geshi,0,0,1,2,1,3
jsoncpp,0,0,0,0,0,0
presets,0,0,1,0,1,1
gsm,0,0,2,4,1,6
ptyprocess,0,0,0,0,0,0
manuel,0,0,1,2,1,3
pytest-vcr,0,0,0,0,0,0
socksio,0,0,1,0,1,1
network-runner,0,0,0,0,0,0
ply,0,0,1,1,1,2
hyperkitty,0,0,2,3,1,5
show-in-file-manager,0,0,0,0,0,0
mutatormath,0,0,0,0,0,0
entrypoints,0,0,0,0,0,0
pytest-tornado,0,0,0,0,0,0
pymeeus,0,0,0,0,0,0
pmtools,1,0,0,2,1,3
gearman-server,0,0,2,0,1,2
sphinxcontrib-seqdiag,0,0,0,2,1,2
jeepney,0,0,0,1,1,1
subliminal,0,0,1,1,1,2
cppy,0,0,0,1,1,1
rest,0,0,2,2,1,4
binaryornot,0,0,0,2,1,2
sortedcollections,0,0,0,3,1,3
recommonmark,0,0,0,4,1,4
dasbus,0,0,0,0,0,0
listparser,0,0,1,1,1,2
appdirs,0,0,0,0,0,0
cmrt,0,0,1,0,1,1
asn1crypto,0,0,0,0,0,0
pylibmc,0,0,1,1,1,2
ephemeral-port-reserve,0,0,0,1,1,1
mistune,0,0,0,0,0,0
mergedeep,0,0,0,1,1,1
heapdict,0,0,0,0,0,0
pydbus,0,0,3,0,1,3
